match_id,team1,team2,team1_runs,team1_wickets,team1_extras,team1_fours,team1_sixes,team1_run_rate,team2_extras,team1_won,team1_enc,team2_enc
335982,Kolkata Knight Riders,Royal Challengers Bangalore,222,3,17,15,14,10.741935483870968,19,1,8,16
335983,Chennai Super Kings,Kings XI Punjab,240,5,6,20,16,11.61290322580645,11,1,0,6
335984,Rajasthan Royals,Delhi Daredevils,129,8,7,14,3,6.344262295081967,10,0,13,3
335985,Mumbai Indians,Royal Challengers Bangalore,165,7,11,18,5,8.048780487804878,5,0,10,16
335986,Deccan Chargers,Kolkata Knight Riders,110,10,10,6,6,5.59322033898305,28,0,1,8
335987,Kings XI Punjab,Rajasthan Royals,166,8,4,18,7,8.163934426229508,12,0,6,13
335988,Deccan Chargers,Delhi Daredevils,142,8,5,12,6,6.983606557377049,12,0,1,3
335989,Chennai Super Kings,Mumbai Indians,208,5,18,24,6,9.826771653543307,13,1,0,10
335990,Deccan Chargers,Rajasthan Royals,214,5,6,24,9,10.19047619047619,7,0,1,13
335991,Kings XI Punjab,Mumbai Indians,182,10,7,18,5,8.806451612903226,7,1,6,10
335992,Royal Challengers Bangalore,Rajasthan Royals,135,8,6,12,7,6.532258064516129,3,0,16,13
335993,Kolkata Knight Riders,Chennai Super Kings,147,9,8,14,4,7.0,18,0,8,0
335994,Mumbai Indians,Deccan Chargers,154,7,11,14,5,7.392,9,0,10,1
335995,Delhi Daredevils,Kings XI Punjab,158,8,11,18,2,7.5840000000000005,9,0,3,6
335996,Chennai Super Kings,Royal Challengers Bangalore,178,5,4,17,8,8.682926829268293,7,1,0,16
335997,Kolkata Knight Riders,Mumbai Indians,137,8,13,15,3,6.5760000000000005,15,0,8,10
335998,Delhi Daredevils,Royal Challengers Bangalore,191,5,4,21,5,9.39344262295082,12,1,3,16
335999,Deccan Chargers,Kings XI Punjab,164,8,4,19,3,8.065573770491804,6,0,1,6
336000,Rajasthan Royals,Kolkata Knight Riders,196,7,14,22,5,9.259842519685039,12,1,13,8
336001,Chennai Super Kings,Delhi Daredevils,169,6,7,17,5,8.047619047619047,6,0,0,3
336002,Deccan Chargers,Royal Challengers Bangalore,165,10,13,15,7,7.857142857142857,3,0,1,16
336003,Kings XI Punjab,Kolkata Knight Riders,178,6,14,22,4,8.544,7,1,6,8
336004,Mumbai Indians,Delhi Daredevils,162,8,10,14,8,7.838709677419354,4,1,10,3
336005,Chennai Super Kings,Rajasthan Royals,109,10,7,12,1,5.637931034482759,21,0,0,13
336006,Royal Challengers Bangalore,Kings XI Punjab,126,10,10,16,1,6.24793388429752,17,0,16,6
336007,Chennai Super Kings,Deccan Chargers,144,7,10,12,5,6.967741935483871,5,0,0,1
336008,Rajasthan Royals,Mumbai Indians,103,10,7,9,2,6.0,12,0,13,10
336009,Delhi Daredevils,Chennai Super Kings,187,5,12,22,3,8.904761904761905,11,0,3,0
336010,Kolkata Knight Riders,Royal Challengers Bangalore,129,7,5,12,5,7.89795918367347,6,1,8,16
336011,Deccan Chargers,Rajasthan Royals,140,8,6,15,3,6.885245901639345,11,0,1,13
336012,Royal Challengers Bangalore,Mumbai Indians,122,9,11,11,2,6.3652173913043475,13,0,16,10
336013,Chennai Super Kings,Kings XI Punjab,181,4,15,14,7,8.290076335877863,3,1,0,6
336014,Kolkata Knight Riders,Deccan Chargers,204,4,5,22,9,9.870967741935484,16,1,8,1
336015,Delhi Daredevils,Rajasthan Royals,156,7,11,10,5,7.609756097560975,17,0,3,13
336016,Royal Challengers Bangalore,Kings XI Punjab,143,8,15,13,2,6.919354838709677,9,0,16,6
336017,Kolkata Knight Riders,Delhi Daredevils,133,6,11,10,3,6.234375,8,1,8,3
336018,Chennai Super Kings,Mumbai Indians,156,6,12,21,3,7.37007874015748,16,0,0,10
336019,Kings XI Punjab,Rajasthan Royals,221,3,5,20,14,10.693548387096774,4,1,6,13
336020,Delhi Daredevils,Deccan Chargers,194,4,8,18,6,9.312000000000001,3,1,3,1
336021,Kolkata Knight Riders,Mumbai Indians,67,10,8,7,1,4.1020408163265305,10,0,8,10
336022,Delhi Daredevils,Kings XI Punjab,118,4,10,10,6,9.698630136986301,4,1,3,6
336023,Rajasthan Royals,Royal Challengers Bangalore,197,1,26,21,3,9.307086614173228,6,1,13,16
336024,Mumbai Indians,Deccan Chargers,178,7,20,17,6,8.34375,8,1,10,1
336025,Kolkata Knight Riders,Chennai Super Kings,149,5,13,15,3,7.209677419354838,4,1,8,0
336026,Royal Challengers Bangalore,Delhi Daredevils,154,7,9,14,6,7.392,12,0,16,3
336027,Kolkata Knight Riders,Rajasthan Royals,147,8,5,13,6,7.229508196721312,7,0,8,13
336028,Kings XI Punjab,Mumbai Indians,189,4,12,18,8,9.14516129032258,23,1,6,10
336029,Royal Challengers Bangalore,Chennai Super Kings,126,8,4,14,1,6.24793388429752,12,1,16,0
336031,Deccan Chargers,Kings XI Punjab,175,4,5,14,9,8.677685950413222,8,0,1,6
336032,Mumbai Indians,Delhi Daredevils,176,8,9,18,7,8.31496062992126,3,0,10,3
336033,Rajasthan Royals,Chennai Super Kings,211,5,7,20,9,10.37704918032787,9,1,13,0
336034,Royal Challengers Bangalore,Deccan Chargers,156,8,5,15,4,7.672131147540984,6,1,16,1
336035,Kings XI Punjab,Kolkata Knight Riders,174,6,11,17,5,8.285714285714286,9,0,6,8
336036,Mumbai Indians,Rajasthan Royals,145,7,13,14,1,6.850393700787401,16,0,10,13
336037,Deccan Chargers,Chennai Super Kings,147,8,16,13,3,7.0,11,0,1,0
336038,Rajasthan Royals,Delhi Daredevils,192,9,4,19,10,9.365853658536585,7,1,13,3
336039,Kings XI Punjab,Chennai Super Kings,112,8,4,11,2,5.508196721311475,4,0,6,0
336040,Chennai Super Kings,Rajasthan Royals,163,5,7,9,7,7.887096774193548,14,0,0,13
392181,Mumbai Indians,Chennai Super Kings,165,7,3,19,3,8.181818181818182,9,1,10,0
392182,Royal Challengers Bangalore,Rajasthan Royals,133,8,4,15,2,6.540983606557377,9,1,16,13
392183,Kings XI Punjab,Delhi Daredevils,104,7,8,5,7,8.210526315789474,5,1,6,3
392184,Kolkata Knight Riders,Deccan Chargers,101,10,5,7,4,5.0924369747899165,2,0,8,1
392185,Chennai Super Kings,Royal Challengers Bangalore,179,5,13,15,6,8.661290322580644,5,1,0,16
392186,Kings XI Punjab,Kolkata Knight Riders,158,6,12,15,4,7.464566929133857,4,1,6,8
392188,Deccan Chargers,Royal Challengers Bangalore,184,6,9,9,12,9.12396694214876,7,1,1,16
392189,Delhi Daredevils,Chennai Super Kings,189,5,1,16,8,9.37190082644628,15,1,3,0
392190,Rajasthan Royals,Kolkata Knight Riders,150,6,10,11,5,7.142857142857143,18,0,13,8
392191,Royal Challengers Bangalore,Kings XI Punjab,168,9,8,16,5,8.195121951219512,13,0,16,6
392192,Deccan Chargers,Mumbai Indians,168,9,14,12,7,8.064,13,1,1,10
392194,Royal Challengers Bangalore,Delhi Daredevils,149,7,11,8,5,7.095238095238095,4,0,16,3
392195,Kings XI Punjab,Rajasthan Royals,139,6,13,12,3,6.515625,10,1,6,13
392196,Chennai Super Kings,Deccan Chargers,165,6,7,16,6,7.795275590551181,10,0,0,1
392197,Mumbai Indians,Kolkata Knight Riders,187,6,9,11,10,9.048387096774192,4,1,10,8
392198,Delhi Daredevils,Rajasthan Royals,143,7,5,14,3,7.032786885245902,9,0,3,13
392199,Kolkata Knight Riders,Royal Challengers Bangalore,139,6,9,12,2,6.780487804878049,9,0,8,16
392200,Kings XI Punjab,Mumbai Indians,119,8,17,4,2,5.666666666666667,11,1,6,10
392201,Deccan Chargers,Delhi Daredevils,148,9,11,13,3,7.219512195121951,12,0,1,3
392202,Chennai Super Kings,Rajasthan Royals,164,5,5,15,6,8.0,8,1,0,13
392203,Mumbai Indians,Kolkata Knight Riders,148,6,13,8,6,7.0476190476190474,8,1,10,8
392204,Royal Challengers Bangalore,Kings XI Punjab,145,9,6,13,5,7.016129032258064,13,1,16,6
392205,Deccan Chargers,Rajasthan Royals,141,5,7,11,5,6.82258064516129,7,0,1,13
392206,Chennai Super Kings,Delhi Daredevils,163,10,9,15,5,7.824000000000001,3,1,0,3
392207,Kolkata Knight Riders,Kings XI Punjab,153,3,7,16,3,7.463414634146342,10,0,8,6
392208,Mumbai Indians,Royal Challengers Bangalore,149,4,6,13,3,7.327868852459017,8,0,10,16
392209,Chennai Super Kings,Deccan Chargers,178,3,10,14,7,8.612903225806452,7,1,0,1
392210,Rajasthan Royals,Kings XI Punjab,211,4,4,25,8,10.209677419354838,19,1,13,6
392211,Kolkata Knight Riders,Delhi Daredevils,154,3,4,14,4,7.451612903225806,8,0,8,3
392212,Deccan Chargers,Mumbai Indians,145,6,9,8,6,7.016129032258064,3,1,1,10
392213,Royal Challengers Bangalore,Rajasthan Royals,105,10,5,6,3,5.04,3,0,16,13
392214,Chennai Super Kings,Kings XI Punjab,185,3,6,19,9,10.18348623853211,6,1,0,6
392215,Mumbai Indians,Delhi Daredevils,116,10,13,7,3,5.3538461538461535,6,0,10,3
392216,Deccan Chargers,Kings XI Punjab,168,5,7,9,9,8.064,9,0,1,6
392217,Rajasthan Royals,Chennai Super Kings,140,7,7,11,5,6.885245901639345,10,0,13,0
392218,Mumbai Indians,Royal Challengers Bangalore,157,2,7,10,4,7.4173228346456686,14,1,10,16
392219,Kolkata Knight Riders,Delhi Daredevils,123,8,8,6,5,5.857142857142857,13,0,8,3
392220,Deccan Chargers,Rajasthan Royals,166,7,2,8,8,8.231404958677686,4,1,1,13
392221,Kolkata Knight Riders,Royal Challengers Bangalore,173,4,9,17,5,8.370967741935484,9,0,8,16
392222,Kings XI Punjab,Mumbai Indians,119,9,18,10,3,5.492307692307692,6,0,6,10
392223,Delhi Daredevils,Deccan Chargers,173,7,12,16,6,8.238095238095237,8,1,3,1
392224,Chennai Super Kings,Royal Challengers Bangalore,129,10,4,12,3,6.504201680672269,8,0,0,16
392225,Rajasthan Royals,Mumbai Indians,145,7,7,16,3,7.016129032258064,18,1,13,10
392226,Delhi Daredevils,Kings XI Punjab,120,9,14,6,1,5.669291338582677,9,0,3,6
392227,Mumbai Indians,Chennai Super Kings,147,5,5,9,6,7.229508196721312,26,0,10,0
392228,Kolkata Knight Riders,Deccan Chargers,160,5,7,11,6,7.741935483870967,7,0,8,1
392229,Kings XI Punjab,Deccan Chargers,134,7,7,10,3,6.380952380952381,5,1,6,1
392230,Delhi Daredevils,Rajasthan Royals,150,3,5,11,2,7.258064516129032,13,1,3,13
392231,Chennai Super Kings,Kolkata Knight Riders,188,3,20,16,6,8.744186046511627,5,0,0,8
392232,Delhi Daredevils,Royal Challengers Bangalore,134,7,3,8,1,6.536585365853658,3,0,3,16
392233,Rajasthan Royals,Kolkata Knight Riders,101,9,5,7,3,4.926829268292683,5,0,13,8
392234,Chennai Super Kings,Kings XI Punjab,116,9,7,11,2,5.704918032786885,6,1,0,6
392235,Mumbai Indians,Delhi Daredevils,165,8,24,18,2,7.557251908396947,9,0,10,3
392236,Royal Challengers Bangalore,Deccan Chargers,170,4,2,13,7,8.429752066115702,13,1,16,1
392237,Delhi Daredevils,Deccan Chargers,153,8,10,13,4,7.344,6,0,3,1
392238,Chennai Super Kings,Royal Challengers Bangalore,146,5,6,11,4,7.121951219512195,5,0,0,16
392239,Deccan Chargers,Royal Challengers Bangalore,143,6,8,9,4,6.809523809523809,10,1,1,16
419106,Kolkata Knight Riders,Deccan Chargers,161,4,15,11,8,7.606299212598425,12,1,8,1
419107,Mumbai Indians,Rajasthan Royals,212,7,16,23,6,9.86046511627907,5,1,10,13
419108,Kings XI Punjab,Delhi Daredevils,142,9,13,14,2,6.816000000000001,7,0,6,3
419109,Royal Challengers Bangalore,Kolkata Knight Riders,135,7,5,13,2,6.639344262295082,6,0,16,8
419110,Deccan Chargers,Chennai Super Kings,190,4,16,18,8,8.702290076335878,3,1,1,0
419111,Rajasthan Royals,Delhi Daredevils,141,6,5,14,4,6.768000000000001,9,0,13,3
419112,Kings XI Punjab,Royal Challengers Bangalore,203,3,13,20,7,9.369230769230768,10,0,6,16
419113,Chennai Super Kings,Kolkata Knight Riders,164,3,3,16,4,8.132231404958677,8,1,0,8
419114,Mumbai Indians,Delhi Daredevils,218,7,17,19,9,10.299212598425196,11,1,10,3
419115,Rajasthan Royals,Royal Challengers Bangalore,92,10,7,5,2,4.451612903225806,7,0,13,16
419116,Delhi Daredevils,Chennai Super Kings,185,6,10,21,5,8.88,10,0,3,0
419117,Deccan Chargers,Kings XI Punjab,170,8,1,13,7,8.429752066115702,12,1,1,6
419118,Rajasthan Royals,Kolkata Knight Riders,168,7,8,20,2,8.195121951219512,5,1,13,8
419119,Mumbai Indians,Royal Challengers Bangalore,151,9,14,16,2,7.306451612903225,2,0,10,16
419120,Deccan Chargers,Delhi Daredevils,171,6,2,15,9,8.479338842975206,4,1,1,3
419121,Kings XI Punjab,Chennai Super Kings,136,8,4,14,3,6.688524590163935,13,0,6,0
419122,Kolkata Knight Riders,Mumbai Indians,155,3,15,15,2,7.380952380952381,4,0,8,10
419123,Royal Challengers Bangalore,Chennai Super Kings,171,5,14,14,8,8.274193548387096,11,1,16,0
419124,Rajasthan Royals,Kings XI Punjab,183,5,10,21,3,8.645669291338582,6,1,13,6
419125,Chennai Super Kings,Mumbai Indians,180,2,14,18,3,8.307692307692307,14,0,0,10
419126,Deccan Chargers,Rajasthan Royals,148,9,11,8,6,6.9921259842519685,11,0,1,13
419127,Kolkata Knight Riders,Kings XI Punjab,183,5,18,20,3,8.446153846153846,6,1,8,6
419128,Delhi Daredevils,Royal Challengers Bangalore,183,4,8,15,5,8.645669291338582,16,1,3,16
419129,Rajasthan Royals,Chennai Super Kings,177,8,3,15,7,8.704918032786885,6,1,13,0
419130,Mumbai Indians,Deccan Chargers,172,7,10,24,3,8.0,11,1,10,1
419131,Delhi Daredevils,Kolkata Knight Riders,177,4,4,15,7,8.564516129032258,11,1,3,8
419132,Kings XI Punjab,Mumbai Indians,163,10,21,14,1,7.700787401574803,17,0,6,10
419133,Royal Challengers Bangalore,Chennai Super Kings,161,4,5,16,5,7.790322580645161,10,0,16,0
419134,Delhi Daredevils,Rajasthan Royals,188,6,13,17,6,9.096774193548386,3,1,3,13
419135,Kolkata Knight Riders,Deccan Chargers,181,6,14,17,7,8.619047619047619,7,1,8,1
419136,Kings XI Punjab,Royal Challengers Bangalore,181,5,11,20,3,8.758064516129032,10,0,6,16
419137,Chennai Super Kings,Rajasthan Royals,246,5,6,19,17,12.098360655737705,15,1,0,13
419138,Mumbai Indians,Deccan Chargers,178,5,7,16,5,8.612903225806452,7,1,10,1
419139,Kolkata Knight Riders,Kings XI Punjab,200,3,13,16,10,9.448818897637794,5,0,8,6
419140,Delhi Daredevils,Royal Challengers Bangalore,184,5,8,14,11,8.975609756097562,2,1,3,16
419141,Rajasthan Royals,Deccan Chargers,159,10,12,14,4,7.7560975609756095,10,1,13,1
419142,Chennai Super Kings,Mumbai Indians,165,4,18,14,2,7.734375,14,1,0,10
419143,Kings XI Punjab,Rajasthan Royals,153,6,9,13,4,7.285714285714286,9,0,6,13
419144,Kolkata Knight Riders,Delhi Daredevils,181,3,7,17,6,8.619047619047619,9,1,8,3
419145,Royal Challengers Bangalore,Deccan Chargers,184,6,15,15,8,8.492307692307692,8,0,16,1
419146,Mumbai Indians,Kings XI Punjab,154,9,4,15,2,7.636363636363636,4,0,10,6
419147,Chennai Super Kings,Deccan Chargers,138,8,8,9,3,6.7317073170731705,8,0,0,1
419148,Kolkata Knight Riders,Royal Challengers Bangalore,160,9,11,13,8,7.619047619047619,11,0,8,16
419149,Delhi Daredevils,Kings XI Punjab,111,10,18,8,0,5.285714285714286,6,0,3,6
419150,Mumbai Indians,Rajasthan Royals,174,5,12,20,3,8.15625,8,1,10,13
419151,Deccan Chargers,Royal Challengers Bangalore,151,6,9,11,5,7.306451612903225,13,1,1,16
419152,Mumbai Indians,Delhi Daredevils,183,4,10,14,7,8.784,8,1,10,3
419153,Kolkata Knight Riders,Chennai Super Kings,139,8,20,9,5,6.619047619047619,15,0,8,0
419154,Rajasthan Royals,Royal Challengers Bangalore,130,6,8,14,1,6.341463414634147,1,0,13,16
419155,Chennai Super Kings,Delhi Daredevils,112,9,8,10,1,5.333333333333333,13,0,0,3
419156,Kings XI Punjab,Deccan Chargers,174,3,8,23,4,8.352,13,0,6,1
419157,Mumbai Indians,Royal Challengers Bangalore,191,4,15,14,10,9.095238095238095,5,1,10,16
419158,Rajasthan Royals,Kolkata Knight Riders,132,9,3,14,2,6.545454545454545,7,0,13,8
419159,Kings XI Punjab,Chennai Super Kings,192,3,5,19,8,9.365853658536585,10,0,6,0
419160,Deccan Chargers,Delhi Daredevils,145,7,3,12,6,7.190082644628099,5,1,1,3
419161,Mumbai Indians,Kolkata Knight Riders,133,8,6,12,2,6.540983606557377,16,0,10,8
419162,Mumbai Indians,Royal Challengers Bangalore,184,5,13,14,7,8.69291338582677,10,1,10,16
419163,Chennai Super Kings,Deccan Chargers,142,7,16,11,4,6.926829268292683,8,1,0,1
419164,Deccan Chargers,Royal Challengers Bangalore,82,10,4,8,2,4.315789473684211,3,0,1,16
419165,Chennai Super Kings,Mumbai Indians,168,5,11,11,8,8.129032258064516,12,1,0,10
501198,Chennai Super Kings,Kolkata Knight Riders,153,4,3,14,4,7.586776859504131,8,1,0,8
501199,Deccan Chargers,Rajasthan Royals,137,8,4,10,5,6.793388429752066,5,0,1,13
501200,Kochi Tuskers Kerala,Royal Challengers Bangalore,161,5,11,13,5,7.790322580645161,13,0,7,16
501201,Delhi Daredevils,Mumbai Indians,95,10,4,9,2,5.1818181818181825,11,0,3,10
501202,Kings XI Punjab,Pune Warriors,112,8,10,12,1,5.376,4,0,6,11
501203,Kolkata Knight Riders,Deccan Chargers,163,4,10,20,3,7.951219512195122,9,1,8,1
501204,Delhi Daredevils,Rajasthan Royals,151,6,9,14,6,7.306451612903225,12,0,3,13
501205,Royal Challengers Bangalore,Mumbai Indians,140,4,15,12,3,6.774193548387096,3,0,16,10
501206,Chennai Super Kings,Kings XI Punjab,188,4,5,18,6,9.245901639344263,1,0,0,6
501207,Kochi Tuskers Kerala,Pune Warriors,148,8,11,12,5,7.219512195121951,11,0,7,11
501208,Deccan Chargers,Royal Challengers Bangalore,175,5,7,17,6,8.4,8,1,1,16
501209,Rajasthan Royals,Kolkata Knight Riders,159,4,19,10,5,7.453125,4,0,13,8
501210,Mumbai Indians,Kochi Tuskers Kerala,182,2,17,16,7,8.666666666666666,11,0,10,7
501211,Chennai Super Kings,Royal Challengers Bangalore,183,5,4,20,5,9.074380165289256,9,1,0,16
501212,Deccan Chargers,Kings XI Punjab,165,8,5,17,3,8.114754098360656,14,0,1,6
501213,Pune Warriors,Delhi Daredevils,187,5,8,13,11,8.904761904761905,10,0,11,3
501214,Rajasthan Royals,Kolkata Knight Riders,81,10,5,6,1,5.0625,11,0,13,8
501215,Chennai Super Kings,Kochi Tuskers Kerala,131,4,3,15,3,7.557692307692308,3,0,0,7
501216,Deccan Chargers,Delhi Daredevils,168,4,5,20,3,8.262295081967213,13,1,1,3
501218,Pune Warriors,Mumbai Indians,118,10,12,13,2,6.4954128440366965,10,0,11,10
501219,Kochi Tuskers Kerala,Kolkata Knight Riders,132,7,8,11,5,6.439024390243903,11,1,7,8
501220,Kings XI Punjab,Rajasthan Royals,195,7,17,19,7,9.140625,2,1,6,13
501221,Mumbai Indians,Chennai Super Kings,164,4,14,14,7,7.6875,10,1,10,0
501222,Kolkata Knight Riders,Royal Challengers Bangalore,171,5,13,15,4,7.953488372093023,5,0,8,16
501223,Delhi Daredevils,Kings XI Punjab,231,4,16,20,12,11.0,5,1,3,6
501224,Mumbai Indians,Deccan Chargers,172,4,5,18,5,8.459016393442623,12,1,10,1
501225,Kochi Tuskers Kerala,Rajasthan Royals,109,10,9,8,0,5.317073170731708,2,0,7,13
501226,Chennai Super Kings,Pune Warriors,142,6,4,10,4,6.926829268292683,7,1,0,11
501227,Delhi Daredevils,Royal Challengers Bangalore,160,6,13,13,5,7.441860465116279,18,0,3,16
501228,Pune Warriors,Chennai Super Kings,141,6,5,11,6,6.82258064516129,8,0,11,0
501229,Deccan Chargers,Kochi Tuskers Kerala,129,7,7,13,1,6.192,7,1,1,7
501230,Kolkata Knight Riders,Delhi Daredevils,148,7,8,12,4,7.0476190476190474,7,1,8,3
501231,Mumbai Indians,Rajasthan Royals,94,8,7,4,2,4.548387096774193,2,0,10,13
501232,Royal Challengers Bangalore,Pune Warriors,181,5,2,13,10,8.975206611570247,9,1,16,11
501233,Delhi Daredevils,Kochi Tuskers Kerala,157,7,16,12,7,7.5360000000000005,8,1,3,7
501234,Kings XI Punjab,Kolkata Knight Riders,119,6,6,11,1,5.758064516129032,12,0,6,8
501235,Pune Warriors,Rajasthan Royals,143,7,5,15,2,7.032786885245902,11,0,11,13
501236,Chennai Super Kings,Deccan Chargers,165,5,9,13,6,7.983870967741935,5,1,0,1
501237,Mumbai Indians,Kings XI Punjab,159,5,5,17,4,7.884297520661157,12,1,10,6
501238,Delhi Daredevils,Kochi Tuskers Kerala,140,6,7,16,2,6.720000000000001,18,0,3,7
501239,Kolkata Knight Riders,Deccan Chargers,169,4,10,13,6,8.047619047619047,4,1,8,1
501240,Rajasthan Royals,Chennai Super Kings,147,6,7,18,0,7.229508196721312,4,0,13,0
501241,Mumbai Indians,Pune Warriors,160,7,15,13,6,7.741935483870967,10,1,10,11
501242,Kochi Tuskers Kerala,Kolkata Knight Riders,156,5,6,13,4,7.488,3,1,7,8
501243,Deccan Chargers,Delhi Daredevils,175,5,10,18,4,8.4,10,0,1,3
501244,Royal Challengers Bangalore,Kings XI Punjab,205,6,6,23,11,10.165289256198346,5,1,16,6
501245,Chennai Super Kings,Kolkata Knight Riders,114,4,6,6,2,5.560975609756097,4,1,0,8
501246,Mumbai Indians,Delhi Daredevils,178,4,6,21,5,8.612903225806452,9,1,10,3
501247,Kochi Tuskers Kerala,Royal Challengers Bangalore,125,9,10,12,0,5.813953488372093,5,0,7,16
501248,Kings XI Punjab,Pune Warriors,119,8,4,12,1,5.95,12,0,6,11
501249,Chennai Super Kings,Rajasthan Royals,196,3,8,19,6,9.408000000000001,5,1,0,13
501250,Deccan Chargers,Pune Warriors,136,8,1,11,2,6.743801652892562,3,0,1,11
501251,Kings XI Punjab,Mumbai Indians,163,8,22,15,3,7.951219512195122,5,1,6,10
501252,Rajasthan Royals,Royal Challengers Bangalore,146,6,11,12,3,7.008,4,0,13,16
501253,Chennai Super Kings,Delhi Daredevils,176,4,4,15,8,8.655737704918034,14,1,0,3
501254,Kochi Tuskers Kerala,Kings XI Punjab,178,7,23,12,7,8.279069767441861,8,0,7,6
501255,Kolkata Knight Riders,Royal Challengers Bangalore,89,4,7,7,3,6.675,6,0,8,16
501256,Deccan Chargers,Mumbai Indians,135,6,7,9,4,6.694214876033057,18,1,1,10
501257,Kings XI Punjab,Delhi Daredevils,170,6,9,20,6,8.031496062992126,12,1,6,3
501258,Rajasthan Royals,Kochi Tuskers Kerala,97,10,3,9,4,5.150442477876107,9,0,13,7
501259,Pune Warriors,Deccan Chargers,136,9,3,10,7,6.688524590163935,9,0,11,1
501260,Kings XI Punjab,Royal Challengers Bangalore,232,2,27,17,15,11.047619047619047,9,1,6,16
501261,Chennai Super Kings,Kochi Tuskers Kerala,152,5,4,10,6,7.475409836065574,9,1,0,7
501262,Pune Warriors,Kolkata Knight Riders,118,7,12,10,1,5.709677419354838,5,0,11,8
501263,Mumbai Indians,Rajasthan Royals,133,5,5,13,1,6.540983606557377,2,0,10,13
501264,Deccan Chargers,Kings XI Punjab,198,2,16,19,4,9.658536585365853,4,1,1,6
501266,Chennai Super Kings,Royal Challengers Bangalore,128,8,10,7,7,6.095238095238095,10,0,0,16
501267,Kolkata Knight Riders,Mumbai Indians,175,7,6,16,7,8.606557377049182,16,0,8,10
501268,Royal Challengers Bangalore,Chennai Super Kings,175,4,14,13,7,8.4,8,0,16,0
501269,Kolkata Knight Riders,Mumbai Indians,147,7,6,15,3,7.112903225806451,4,0,8,10
501270,Royal Challengers Bangalore,Mumbai Indians,185,4,14,13,8,8.604651162790697,4,1,16,10
501271,Chennai Super Kings,Royal Challengers Bangalore,205,5,9,7,13,10.081967213114755,6,1,0,16
548306,Chennai Super Kings,Mumbai Indians,112,10,12,6,1,5.333333333333333,6,0,0,10
548307,Kolkata Knight Riders,Delhi Daredevils,97,9,7,6,5,7.864864864864865,5,0,8,3
548308,Pune Warriors,Mumbai Indians,129,9,8,11,1,6.2926829268292686,5,1,11,10
548309,Rajasthan Royals,Kings XI Punjab,191,4,19,23,3,9.023622047244094,6,1,13,6
548310,Royal Challengers Bangalore,Delhi Daredevils,157,8,6,14,5,7.721311475409837,4,1,16,3
548311,Chennai Super Kings,Deccan Chargers,193,6,11,10,12,9.118110236220472,4,1,0,1
548312,Rajasthan Royals,Kolkata Knight Riders,164,5,3,13,6,8.0,7,1,13,8
548313,Pune Warriors,Kings XI Punjab,166,6,12,10,8,8.032258064516128,11,1,11,6
548314,Deccan Chargers,Mumbai Indians,138,9,5,6,8,6.7317073170731705,4,0,1,10
548315,Kolkata Knight Riders,Royal Challengers Bangalore,165,8,6,15,6,8.114754098360656,10,1,8,16
548316,Chennai Super Kings,Delhi Daredevils,110,8,6,7,3,5.32258064516129,1,0,0,3
548317,Mumbai Indians,Rajasthan Royals,197,6,6,14,12,9.85,4,1,10,13
548318,Royal Challengers Bangalore,Chennai Super Kings,205,8,16,14,12,9.461538461538462,5,0,16,0
548319,Pune Warriors,Kings XI Punjab,115,10,12,10,2,5.798319327731093,0,0,11,6
548320,Rajasthan Royals,Kolkata Knight Riders,131,5,10,13,2,6.288,12,0,13,8
548321,Deccan Chargers,Delhi Daredevils,157,8,6,15,3,7.476190476190476,4,0,1,3
548322,Chennai Super Kings,Pune Warriors,155,5,6,13,4,7.5,5,0,0,11
548323,Kings XI Punjab,Kolkata Knight Riders,134,9,7,7,5,6.644628099173553,9,1,6,8
548324,Rajasthan Royals,Royal Challengers Bangalore,195,2,6,19,10,9.669421487603305,3,1,13,16
548325,Mumbai Indians,Delhi Daredevils,92,10,9,10,1,4.6,11,0,10,3
548326,Deccan Chargers,Rajasthan Royals,196,2,13,18,7,9.408000000000001,6,0,1,13
548327,Pune Warriors,Royal Challengers Bangalore,182,6,7,15,7,8.878048780487806,7,0,11,16
548328,Kings XI Punjab,Kolkata Knight Riders,124,7,3,9,1,6.0983606557377055,5,0,6,8
548329,Deccan Chargers,Delhi Daredevils,187,4,2,23,7,9.272727272727272,16,0,1,3
548330,Chennai Super Kings,Pune Warriors,164,5,2,15,5,8.132231404958677,15,1,0,11
548331,Kings XI Punjab,Royal Challengers Bangalore,163,6,8,13,3,7.951219512195122,8,0,6,16
548332,Rajasthan Royals,Chennai Super Kings,146,4,14,12,5,7.121951219512195,2,0,13,0
548333,Pune Warriors,Delhi Daredevils,192,3,15,19,7,8.86153846153846,5,1,11,3
548334,Mumbai Indians,Kings XI Punjab,163,6,6,16,4,7.824000000000001,6,0,10,6
548335,Deccan Chargers,Kolkata Knight Riders,126,7,3,9,2,6.24793388429752,9,0,1,8
548336,Royal Challengers Bangalore,Rajasthan Royals,189,3,19,17,6,9.072000000000001,10,1,16,13
548337,Pune Warriors,Delhi Daredevils,146,2,5,13,3,7.3,7,0,11,3
548339,Kings XI Punjab,Mumbai Indians,168,3,10,12,7,8.0,9,0,6,10
548341,Deccan Chargers,Pune Warriors,177,4,11,11,8,8.704918032786885,9,1,1,11
548342,Delhi Daredevils,Mumbai Indians,207,5,9,22,9,9.936,4,1,3,10
548343,Kings XI Punjab,Chennai Super Kings,156,8,5,14,4,7.488,6,1,6,0
548344,Kolkata Knight Riders,Royal Challengers Bangalore,190,4,5,18,9,9.193548387096774,5,1,8,16
548345,Delhi Daredevils,Rajasthan Royals,152,6,8,13,5,7.414634146341464,4,1,3,13
548346,Deccan Chargers,Mumbai Indians,100,10,5,8,2,5.217391304347826,10,0,1,10
548347,Chennai Super Kings,Kolkata Knight Riders,139,5,6,8,2,6.780487804878049,13,0,0,8
548348,Deccan Chargers,Pune Warriors,186,4,11,16,6,9.223140495867767,6,1,1,11
548349,Rajasthan Royals,Delhi Daredevils,141,6,5,16,1,6.878048780487805,9,0,13,3
548350,Royal Challengers Bangalore,Kings XI Punjab,158,5,6,11,8,7.64516129032258,4,0,16,6
548351,Mumbai Indians,Pune Warriors,120,9,11,10,2,5.853658536585366,6,1,10,11
548352,Chennai Super Kings,Deccan Chargers,160,6,8,9,4,7.804878048780488,4,1,0,1
548353,Kolkata Knight Riders,Pune Warriors,150,5,19,9,4,6.976744186046512,10,1,8,11
548354,Rajasthan Royals,Kings XI Punjab,177,6,6,18,6,8.564516129032258,12,1,13,6
548355,Chennai Super Kings,Mumbai Indians,173,8,9,13,8,8.304,3,0,0,10
548356,Deccan Chargers,Royal Challengers Bangalore,181,2,6,15,9,8.829268292682928,6,0,1,16
548357,Delhi Daredevils,Kolkata Knight Riders,153,9,14,13,4,7.463414634146342,16,0,3,8
548358,Pune Warriors,Rajasthan Royals,125,6,10,5,2,6.097560975609756,0,0,11,13
548359,Kings XI Punjab,Deccan Chargers,170,5,7,17,5,8.292682926829269,12,1,6,1
548360,Mumbai Indians,Royal Challengers Bangalore,141,6,7,12,3,6.9344262295081975,5,0,10,16
548361,Rajasthan Royals,Chennai Super Kings,126,6,12,12,2,6.0,13,0,13,0
548362,Royal Challengers Bangalore,Pune Warriors,173,3,9,13,9,8.304,4,1,16,11
548363,Mumbai Indians,Kolkata Knight Riders,182,1,5,19,7,8.878048780487806,4,1,10,8
548364,Delhi Daredevils,Chennai Super Kings,114,5,7,4,3,5.472,1,0,3,0
548365,Rajasthan Royals,Pune Warriors,170,4,3,18,4,8.360655737704919,4,1,13,11
548366,Deccan Chargers,Kings XI Punjab,190,4,9,15,6,9.268292682926829,8,0,1,6
548367,Royal Challengers Bangalore,Mumbai Indians,171,6,14,12,8,7.8320610687022905,11,0,16,10
548368,Kolkata Knight Riders,Chennai Super Kings,158,6,3,13,7,7.8347107438016526,5,0,8,0
548369,Kings XI Punjab,Delhi Daredevils,136,8,4,19,1,6.743801652892562,2,0,6,3
548370,Kolkata Knight Riders,Mumbai Indians,140,7,14,12,3,6.5625,4,1,8,10
548371,Chennai Super Kings,Kings XI Punjab,120,7,4,9,6,5.950413223140496,5,0,0,6
548372,Royal Challengers Bangalore,Delhi Daredevils,215,1,4,18,14,10.403225806451612,7,1,16,3
548373,Rajasthan Royals,Deccan Chargers,126,8,7,10,2,6.096774193548387,9,0,13,1
548374,Kings XI Punjab,Delhi Daredevils,141,8,8,16,4,6.878048780487805,9,0,6,3
548375,Kolkata Knight Riders,Pune Warriors,136,4,7,12,2,6.688524590163935,10,1,8,11
548376,Deccan Chargers,Royal Challengers Bangalore,132,7,10,7,5,6.387096774193548,3,1,1,16
548377,Rajasthan Royals,Mumbai Indians,162,6,14,13,6,7.363636363636363,18,0,13,10
548378,Kolkata Knight Riders,Delhi Daredevils,162,4,4,14,6,7.967213114754099,14,1,8,3
548379,Chennai Super Kings,Mumbai Indians,187,5,5,23,6,9.121951219512194,11,1,0,10
548380,Chennai Super Kings,Delhi Daredevils,222,5,6,24,9,10.829268292682928,11,1,0,3
548381,Chennai Super Kings,Kolkata Knight Riders,190,3,7,13,8,9.193548387096774,8,0,0,8
597998,Delhi Daredevils,Kolkata Knight Riders,128,10,5,15,1,6.193548387096774,6,0,3,8
597999,Royal Challengers Bangalore,Mumbai Indians,156,5,16,18,6,7.488,8,1,16,10
598000,Sunrisers Hyderabad,Pune Warriors,126,6,3,12,1,6.19672131147541,2,1,18,11
598001,Rajasthan Royals,Delhi Daredevils,165,7,9,14,5,8.114754098360656,11,1,13,3
598002,Mumbai Indians,Chennai Super Kings,148,6,9,10,7,7.0476190476190474,7,1,10,0
598003,Pune Warriors,Kings XI Punjab,99,9,3,10,1,4.909090909090909,3,0,11,6
598004,Royal Challengers Bangalore,Sunrisers Hyderabad,130,8,8,11,1,6.341463414634147,16,0,16,18
598005,Rajasthan Royals,Kolkata Knight Riders,144,6,9,17,2,7.081967213114755,11,1,13,8
598006,Mumbai Indians,Delhi Daredevils,209,5,10,21,10,10.11290322580645,10,1,10,3
598007,Kings XI Punjab,Chennai Super Kings,138,10,8,15,1,6.84297520661157,3,0,6,0
598008,Kolkata Knight Riders,Royal Challengers Bangalore,154,8,6,17,2,7.512195121951219,10,0,8,16
598009,Rajasthan Royals,Pune Warriors,145,5,7,17,1,7.073170731707317,6,0,13,11
598010,Delhi Daredevils,Sunrisers Hyderabad,114,8,7,7,3,5.472,3,0,3,18
598011,Mumbai Indians,Pune Warriors,183,3,3,17,8,8.926829268292684,5,1,10,11
598012,Royal Challengers Bangalore,Chennai Super Kings,165,6,8,13,4,7.795275590551181,8,0,16,0
598013,Kolkata Knight Riders,Sunrisers Hyderabad,180,4,8,22,4,8.709677419354838,12,1,8,18
598014,Kings XI Punjab,Rajasthan Royals,124,10,10,12,2,6.413793103448277,9,0,6,13
598015,Pune Warriors,Chennai Super Kings,159,5,8,16,5,7.8196721311475414,2,1,11,0
598016,Kings XI Punjab,Kolkata Knight Riders,157,9,6,16,3,7.658536585365853,12,1,6,8
598017,Delhi Daredevils,Royal Challengers Bangalore,152,5,5,17,2,7.354838709677419,4,0,3,16
598018,Sunrisers Hyderabad,Pune Warriors,119,8,5,9,2,5.712000000000001,0,1,18,11
598019,Rajasthan Royals,Mumbai Indians,179,3,15,17,5,8.390625,7,1,13,10
598020,Chennai Super Kings,Delhi Daredevils,169,4,9,19,3,8.112,4,1,0,3
598021,Kings XI Punjab,Sunrisers Hyderabad,123,9,7,9,4,6.049180327868853,6,0,6,18
598022,Kolkata Knight Riders,Chennai Super Kings,119,9,4,10,4,5.900826446280991,6,0,8,0
598023,Rajasthan Royals,Royal Challengers Bangalore,117,10,0,14,2,5.949152542372881,16,0,13,16
598024,Mumbai Indians,Delhi Daredevils,161,4,3,11,8,7.918032786885246,4,0,10,3
598025,Pune Warriors,Kings XI Punjab,185,4,8,20,6,8.951612903225806,3,0,11,6
598026,Rajasthan Royals,Chennai Super Kings,185,4,10,12,7,8.74015748031496,7,0,13,0
598027,Royal Challengers Bangalore,Pune Warriors,263,5,11,21,21,12.328125,4,1,16,11
598028,Kings XI Punjab,Delhi Daredevils,171,4,9,18,7,8.341463414634147,13,1,6,3
598029,Kolkata Knight Riders,Mumbai Indians,159,6,6,16,4,7.8196721311475414,4,0,8,10
598030,Sunrisers Hyderabad,Chennai Super Kings,159,6,8,17,4,7.7560975609756095,6,0,18,0
598031,Kings XI Punjab,Kolkata Knight Riders,149,6,5,15,4,7.45,12,0,6,8
598032,Sunrisers Hyderabad,Rajasthan Royals,144,9,11,16,2,6.6976744186046515,2,0,18,13
598033,Mumbai Indians,Royal Challengers Bangalore,194,7,9,18,8,9.463414634146341,11,1,10,16
598034,Chennai Super Kings,Kolkata Knight Riders,200,3,3,20,6,9.836065573770492,20,1,0,8
598035,Delhi Daredevils,Pune Warriors,164,5,14,12,8,7.6875,6,1,3,11
598036,Royal Challengers Bangalore,Rajasthan Royals,171,6,10,15,5,8.208,5,0,16,13
598037,Mumbai Indians,Kings XI Punjab,174,3,8,14,9,8.352,13,1,10,6
598038,Chennai Super Kings,Pune Warriors,164,3,4,13,5,8.132231404958677,6,1,0,11
598039,Mumbai Indians,Sunrisers Hyderabad,129,4,7,12,2,6.192,3,0,10,18
598040,Kolkata Knight Riders,Delhi Daredevils,136,7,7,14,4,6.5280000000000005,2,0,8,3
598041,Chennai Super Kings,Kings XI Punjab,186,4,3,14,8,9.147540983606557,3,1,0,6
598042,Royal Challengers Bangalore,Pune Warriors,187,3,12,17,6,9.121951219512194,6,1,16,11
598043,Rajasthan Royals,Kolkata Knight Riders,132,6,7,11,2,6.285714285714286,10,0,13,8
598044,Delhi Daredevils,Sunrisers Hyderabad,80,10,6,4,1,4.102564102564102,3,0,3,18
598045,Royal Challengers Bangalore,Kings XI Punjab,174,5,7,15,9,8.285714285714286,8,0,16,6
598046,Mumbai Indians,Chennai Super Kings,139,5,4,11,6,6.725806451612903,9,1,10,0
598047,Pune Warriors,Rajasthan Royals,178,4,11,20,5,8.409448818897637,3,0,11,13
598048,Sunrisers Hyderabad,Royal Challengers Bangalore,161,6,5,10,7,7.728000000000001,5,0,18,16
598049,Delhi Daredevils,Rajasthan Royals,154,4,7,19,2,7.392,11,0,3,13
598050,Mumbai Indians,Kolkata Knight Riders,170,6,11,20,4,8.095238095238095,9,1,10,8
598051,Chennai Super Kings,Sunrisers Hyderabad,223,3,10,21,10,10.453125,4,1,0,18
598052,Kings XI Punjab,Rajasthan Royals,145,6,9,12,2,7.073170731707317,6,0,6,13
598053,Kolkata Knight Riders,Pune Warriors,152,6,11,15,2,7.354838709677419,4,1,8,11
598054,Royal Challengers Bangalore,Delhi Daredevils,183,4,5,19,6,8.854838709677418,11,1,16,3
598055,Pune Warriors,Mumbai Indians,112,8,4,5,3,5.553719008264462,4,0,11,10
598056,Sunrisers Hyderabad,Kings XI Punjab,150,7,4,14,5,7.438016528925619,8,1,18,6
598057,Royal Challengers Bangalore,Kolkata Knight Riders,115,9,3,5,2,5.702479338842975,5,0,16,8
598058,Chennai Super Kings,Rajasthan Royals,141,4,8,16,0,6.878048780487805,1,0,0,13
598059,Delhi Daredevils,Kings XI Punjab,120,7,7,10,2,5.853658536585366,6,0,3,6
598060,Sunrisers Hyderabad,Mumbai Indians,178,3,7,18,5,8.476190476190476,7,0,18,10
598061,Pune Warriors,Kolkata Knight Riders,170,4,1,11,9,8.429752066115702,15,1,11,8
598062,Chennai Super Kings,Delhi Daredevils,168,4,10,11,5,8.129032258064516,9,1,0,3
598063,Mumbai Indians,Rajasthan Royals,166,8,7,15,6,8.032258064516128,16,1,10,13
598064,Royal Challengers Bangalore,Kings XI Punjab,190,3,10,21,6,9.120000000000001,11,0,16,6
598065,Sunrisers Hyderabad,Rajasthan Royals,136,9,15,7,2,6.580645161290322,6,1,18,13
598066,Kings XI Punjab,Mumbai Indians,183,8,7,24,5,8.854838709677418,9,1,6,10
598067,Pune Warriors,Delhi Daredevils,172,5,5,14,8,8.390243902439025,16,1,11,3
598068,Royal Challengers Bangalore,Chennai Super Kings,106,2,5,10,8,12.719999999999999,2,1,16,0
598069,Kolkata Knight Riders,Sunrisers Hyderabad,130,7,14,9,3,6.341463414634147,9,0,8,18
598070,Chennai Super Kings,Mumbai Indians,192,1,1,17,7,9.6,5,1,0,10
598071,Sunrisers Hyderabad,Rajasthan Royals,132,7,6,11,4,6.387096774193548,4,0,18,13
598072,Rajasthan Royals,Mumbai Indians,165,6,14,22,1,7.920000000000001,10,0,13,10
598073,Mumbai Indians,Chennai Super Kings,148,9,5,18,3,7.219512195121951,9,1,10,0
729279,Kolkata Knight Riders,Mumbai Indians,163,5,8,14,5,7.887096774193548,5,1,8,10
729281,Delhi Daredevils,Royal Challengers Bangalore,145,4,10,9,4,6.904761904761905,4,0,3,16
729283,Chennai Super Kings,Kings XI Punjab,205,4,14,15,10,9.609375,6,0,0,6
729285,Sunrisers Hyderabad,Rajasthan Royals,133,6,15,6,2,6.384,5,0,18,13
729287,Mumbai Indians,Royal Challengers Bangalore,115,9,12,8,0,5.564516129032258,2,0,10,16
729289,Kolkata Knight Riders,Delhi Daredevils,166,5,14,16,2,7.72093023255814,11,0,8,3
729291,Rajasthan Royals,Kings XI Punjab,191,5,6,17,10,9.317073170731707,9,0,13,6
729293,Chennai Super Kings,Delhi Daredevils,177,7,6,14,5,8.634146341463415,2,1,0,3
729295,Kings XI Punjab,Sunrisers Hyderabad,193,6,9,14,13,9.338709677419354,8,1,6,18
729297,Chennai Super Kings,Rajasthan Royals,140,6,13,10,3,6.6141732283464565,2,1,0,13
729299,Kolkata Knight Riders,Royal Challengers Bangalore,150,7,7,7,6,7.258064516129032,8,1,8,16
729301,Sunrisers Hyderabad,Delhi Daredevils,184,1,5,16,8,9.049180327868854,6,1,18,3
729303,Mumbai Indians,Chennai Super Kings,141,7,1,12,4,7.05,7,0,10,0
729305,Royal Challengers Bangalore,Rajasthan Royals,70,10,4,6,1,4.615384615384616,3,0,16,13
729307,Kings XI Punjab,Kolkata Knight Riders,132,9,5,12,2,6.491803278688525,10,1,6,8
729309,Mumbai Indians,Delhi Daredevils,125,7,11,10,3,6.048387096774193,9,0,10,3
729311,Sunrisers Hyderabad,Chennai Super Kings,145,5,16,9,4,7.073170731707317,4,0,18,0
729313,Royal Challengers Bangalore,Kings XI Punjab,124,8,10,8,4,6.148760330578512,12,0,16,6
729315,Rajasthan Royals,Kolkata Knight Riders,152,5,5,17,1,7.414634146341464,11,0,13,8
729317,Sunrisers Hyderabad,Mumbai Indians,172,5,18,11,5,8.256,9,1,18,10
733971,Chennai Super Kings,Kolkata Knight Riders,148,3,6,13,6,8.62135922330097,4,1,0,8
733973,Kings XI Punjab,Mumbai Indians,168,5,13,16,6,8.064,6,0,6,10
733975,Delhi Daredevils,Rajasthan Royals,152,5,4,14,4,7.537190082644628,4,0,3,13
733977,Sunrisers Hyderabad,Royal Challengers Bangalore,155,6,10,12,6,7.322834645669291,5,0,18,16
733979,Rajasthan Royals,Kolkata Knight Riders,170,6,7,12,6,8.225806451612902,10,1,13,8
733981,Delhi Daredevils,Chennai Super Kings,178,5,11,16,8,8.612903225806452,11,0,3,0
733983,Mumbai Indians,Royal Challengers Bangalore,187,5,25,14,8,8.765625,10,1,10,16
733985,Delhi Daredevils,Kolkata Knight Riders,160,5,8,13,6,7.868852459016394,12,0,3,8
733987,Kings XI Punjab,Chennai Super Kings,231,4,10,24,13,11.088000000000001,4,1,6,0
733989,Sunrisers Hyderabad,Rajasthan Royals,134,9,12,15,0,6.59016393442623,10,1,18,13
733991,Kings XI Punjab,Royal Challengers Bangalore,198,8,15,19,7,9.068702290076336,6,1,6,16
733993,Delhi Daredevils,Sunrisers Hyderabad,143,7,5,10,5,7.090909090909091,11,1,3,18
733995,Mumbai Indians,Chennai Super Kings,157,6,5,10,8,7.596774193548387,11,0,10,0
733997,Kings XI Punjab,Kolkata Knight Riders,149,8,4,17,2,7.327868852459017,5,0,6,8
733999,Royal Challengers Bangalore,Rajasthan Royals,190,5,7,15,12,9.120000000000001,7,0,16,13
734001,Sunrisers Hyderabad,Mumbai Indians,157,3,6,16,5,7.596774193548387,3,0,18,10
734003,Rajasthan Royals,Chennai Super Kings,148,8,12,10,7,7.219512195121951,8,0,13,0
734005,Royal Challengers Bangalore,Delhi Daredevils,186,4,9,11,12,8.928,10,1,16,3
734007,Sunrisers Hyderabad,Kings XI Punjab,205,5,15,14,12,9.534883720930232,4,0,18,6
734009,Mumbai Indians,Kolkata Knight Riders,141,5,7,11,4,6.768000000000001,5,0,10,8
734011,Rajasthan Royals,Delhi Daredevils,201,6,15,13,12,9.648,9,1,13,3
734013,Chennai Super Kings,Royal Challengers Bangalore,138,4,6,10,4,6.7317073170731705,13,0,0,16
734015,Sunrisers Hyderabad,Kolkata Knight Riders,142,8,10,13,4,6.761904761904762,1,0,18,8
734017,Mumbai Indians,Rajasthan Royals,178,3,6,12,9,8.682926829268293,8,1,10,13
734019,Delhi Daredevils,Kings XI Punjab,164,7,5,16,5,7.935483870967741,15,0,3,6
734021,Royal Challengers Bangalore,Sunrisers Hyderabad,160,6,7,13,6,7.804878048780488,7,0,16,18
734023,Chennai Super Kings,Kolkata Knight Riders,154,4,3,8,9,7.512195121951219,4,0,0,8
734025,Kings XI Punjab,Mumbai Indians,156,8,8,12,7,7.609756097560975,10,0,6,10
734027,Kolkata Knight Riders,Royal Challengers Bangalore,195,4,7,20,7,9.360000000000001,10,1,8,16
734029,Chennai Super Kings,Sunrisers Hyderabad,185,3,8,15,10,9.173553719008265,5,0,0,18
734031,Mumbai Indians,Delhi Daredevils,173,10,9,20,3,8.65,6,1,10,3
734033,Kings XI Punjab,Rajasthan Royals,179,4,14,16,6,8.661290322580644,7,1,6,13
734035,Royal Challengers Bangalore,Chennai Super Kings,154,6,6,10,6,7.451612903225806,5,0,16,0
734037,Sunrisers Hyderabad,Kolkata Knight Riders,160,7,21,19,5,7.741935483870967,5,0,18,8
734039,Delhi Daredevils,Kings XI Punjab,115,10,7,15,0,6.216216216216216,15,0,3,6
734041,Rajasthan Royals,Mumbai Indians,189,4,5,17,9,9.21951219512195,7,0,13,10
734043,Kolkata Knight Riders,Kings XI Punjab,163,8,7,17,6,7.951219512195122,5,1,8,6
734045,Mumbai Indians,Chennai Super Kings,173,8,2,14,9,8.65,9,0,10,0
734047,Kings XI Punjab,Chennai Super Kings,226,6,11,19,13,10.511627906976743,16,1,6,0
734049,Kings XI Punjab,Kolkata Knight Riders,199,4,8,17,10,9.78688524590164,6,0,6,8
829705,Mumbai Indians,Kolkata Knight Riders,168,3,3,18,7,8.262295081967213,4,0,10,8
829707,Chennai Super Kings,Delhi Daredevils,150,7,14,13,3,7.317073170731708,5,1,0,3
829709,Rajasthan Royals,Kings XI Punjab,162,7,21,10,7,7.59375,9,1,13,6
829711,Chennai Super Kings,Sunrisers Hyderabad,209,4,15,16,14,9.796875,11,1,0,18
829713,Kolkata Knight Riders,Royal Challengers Bangalore,177,6,6,23,3,8.634146341463415,8,0,8,16
829715,Delhi Daredevils,Rajasthan Royals,184,3,9,12,10,8.69291338582677,6,0,3,13
829717,Kings XI Punjab,Mumbai Indians,177,5,6,21,4,8.634146341463415,8,1,6,10
829719,Royal Challengers Bangalore,Sunrisers Hyderabad,166,10,16,15,7,7.904761904761905,16,0,16,18
829721,Mumbai Indians,Rajasthan Royals,164,6,5,17,8,8.132231404958677,4,0,10,13
829723,Chennai Super Kings,Kolkata Knight Riders,165,9,20,19,5,8.114754098360656,10,0,0,8
829725,Kings XI Punjab,Delhi Daredevils,165,7,8,7,10,7.857142857142857,11,0,6,3
829727,Sunrisers Hyderabad,Rajasthan Royals,127,5,6,11,4,6.096,7,0,18,13
829729,Mumbai Indians,Chennai Super Kings,183,7,7,14,10,8.854838709677418,11,0,10,0
829731,Delhi Daredevils,Sunrisers Hyderabad,167,4,9,9,9,7.9523809523809526,4,1,3,18
829733,Kings XI Punjab,Kolkata Knight Riders,155,9,13,10,7,7.560975609756097,2,0,6,8
829735,Chennai Super Kings,Rajasthan Royals,156,4,6,18,3,7.609756097560975,1,0,0,13
829737,Mumbai Indians,Royal Challengers Bangalore,209,7,17,23,10,9.796875,16,1,10,16
829739,Delhi Daredevils,Kolkata Knight Riders,146,8,13,13,5,6.9523809523809526,7,0,3,8
829741,Rajasthan Royals,Kings XI Punjab,191,6,10,16,8,9.095238095238095,5,0,13,6
829743,Sunrisers Hyderabad,Kolkata Knight Riders,176,4,4,15,7,8.655737704918034,3,1,18,8
829745,Chennai Super Kings,Royal Challengers Bangalore,181,8,10,17,10,8.829268292682928,6,1,0,16
829747,Delhi Daredevils,Mumbai Indians,190,4,8,13,11,8.976377952755906,11,1,3,10
829749,Rajasthan Royals,Royal Challengers Bangalore,130,9,4,10,3,6.341463414634147,5,0,13,16
829751,Mumbai Indians,Sunrisers Hyderabad,157,8,10,16,3,7.3023255813953485,5,1,10,18
829753,Chennai Super Kings,Kings XI Punjab,192,3,12,19,7,9.142857142857142,8,1,0,6
829757,Delhi Daredevils,Royal Challengers Bangalore,95,10,8,8,1,4.913793103448276,2,0,3,16
829759,Sunrisers Hyderabad,Kings XI Punjab,150,6,1,17,3,7.5,7,1,18,6
829761,Kolkata Knight Riders,Delhi Daredevils,171,7,12,16,6,8.208,7,1,8,3
829765,Chennai Super Kings,Kolkata Knight Riders,134,6,12,12,3,6.330708661417322,5,1,0,8
829767,Kings XI Punjab,Delhi Daredevils,118,8,8,9,3,5.7560975609756095,8,0,6,3
829769,Mumbai Indians,Rajasthan Royals,187,5,9,18,6,8.976,12,1,10,13
829771,Kolkata Knight Riders,Royal Challengers Bangalore,111,4,8,11,5,10.246153846153845,4,0,8,16
829773,Sunrisers Hyderabad,Chennai Super Kings,192,7,5,23,6,9.29032258064516,7,1,18,0
829775,Mumbai Indians,Kings XI Punjab,172,3,5,17,4,8.459016393442623,12,1,10,6
829777,Rajasthan Royals,Delhi Daredevils,189,2,8,20,5,9.14516129032258,15,1,13,3
829779,Chennai Super Kings,Royal Challengers Bangalore,148,9,5,12,5,7.104,2,1,0,16
829781,Kolkata Knight Riders,Sunrisers Hyderabad,167,7,7,16,3,8.28099173553719,4,1,8,18
829783,Delhi Daredevils,Mumbai Indians,152,6,4,15,6,7.537190082644628,9,0,3,10
829785,Royal Challengers Bangalore,Kings XI Punjab,226,3,11,14,18,10.59375,9,1,16,6
829787,Sunrisers Hyderabad,Rajasthan Royals,201,4,15,21,7,9.571428571428571,7,1,18,13
829789,Chennai Super Kings,Mumbai Indians,158,5,6,14,5,7.770491803278689,2,0,0,10
829791,Kings XI Punjab,Kolkata Knight Riders,183,5,9,11,11,8.926829268292684,7,0,6,8
829793,Sunrisers Hyderabad,Delhi Daredevils,163,4,4,9,6,7.951219512195122,4,1,18,3
829795,Royal Challengers Bangalore,Mumbai Indians,235,1,7,26,9,11.280000000000001,4,1,16,10
829797,Chennai Super Kings,Rajasthan Royals,157,5,8,14,5,7.658536585365853,6,1,0,13
829799,Sunrisers Hyderabad,Kings XI Punjab,185,5,5,16,9,8.951612903225806,7,1,18,6
829801,Chennai Super Kings,Delhi Daredevils,119,6,7,10,3,5.95,0,0,0,3
829803,Kings XI Punjab,Royal Challengers Bangalore,106,6,4,8,5,10.095238095238095,8,1,6,16
829805,Mumbai Indians,Kolkata Knight Riders,171,4,10,18,4,7.953488372093023,8,1,10,8
829807,Sunrisers Hyderabad,Royal Challengers Bangalore,135,3,7,11,6,11.571428571428571,1,1,18,16
829809,Kings XI Punjab,Chennai Super Kings,130,7,9,11,4,6.341463414634147,6,0,6,0
829811,Rajasthan Royals,Kolkata Knight Riders,199,6,10,19,7,9.552000000000001,26,1,13,8
829813,Delhi Daredevils,Royal Challengers Bangalore,187,5,6,14,9,9.121951219512194,0,1,3,16
829815,Sunrisers Hyderabad,Mumbai Indians,113,10,6,8,1,5.467741935483871,8,0,18,10
829817,Mumbai Indians,Chennai Super Kings,187,6,9,11,12,8.69767441860465,8,1,10,0
829819,Royal Challengers Bangalore,Rajasthan Royals,180,4,12,15,8,8.64,3,1,16,13
829821,Royal Challengers Bangalore,Chennai Super Kings,139,8,7,11,5,6.672000000000001,7,0,16,0
829823,Mumbai Indians,Chennai Super Kings,202,5,6,16,12,10.016528925619834,7,1,10,0
980901,Mumbai Indians,Rising Pune Supergiants,121,8,13,12,3,5.761904761904762,5,0,10,15
980903,Delhi Daredevils,Kolkata Knight Riders,98,10,12,8,3,5.345454545454546,11,0,3,8
980905,Kings XI Punjab,Gujarat Lions,161,6,7,14,4,7.790322580645161,6,0,6,4
980907,Royal Challengers Bangalore,Sunrisers Hyderabad,227,4,7,20,14,10.896,11,1,16,18
980909,Kolkata Knight Riders,Mumbai Indians,187,5,10,11,8,8.834645669291339,10,0,8,10
980911,Rising Pune Supergiants,Gujarat Lions,163,5,2,13,6,8.15,15,0,15,4
980913,Kings XI Punjab,Delhi Daredevils,111,9,4,11,2,5.414634146341464,10,0,6,3
980915,Sunrisers Hyderabad,Kolkata Knight Riders,142,7,8,9,5,6.816000000000001,5,0,18,8
980917,Mumbai Indians,Gujarat Lions,143,8,10,11,5,6.755905511811023,11,0,10,4
980919,Rising Pune Supergiants,Kings XI Punjab,152,7,11,18,0,7.414634146341464,2,0,15,6
980921,Royal Challengers Bangalore,Delhi Daredevils,191,5,9,19,7,9.47107438016529,14,0,16,3
980923,Mumbai Indians,Sunrisers Hyderabad,142,6,8,9,5,6.761904761904762,5,0,10,18
980925,Kings XI Punjab,Kolkata Knight Riders,138,8,7,10,2,6.6240000000000006,8,0,6,8
980927,Royal Challengers Bangalore,Mumbai Indians,170,7,13,12,7,8.095238095238095,4,0,16,10
980929,Gujarat Lions,Sunrisers Hyderabad,135,8,5,11,1,6.585365853658536,10,0,4,18
980931,Royal Challengers Bangalore,Rising Pune Supergiants,185,3,12,14,6,8.671875,7,1,16,15
980933,Delhi Daredevils,Mumbai Indians,164,4,12,12,5,7.627906976744186,3,1,3,10
980935,Kings XI Punjab,Sunrisers Hyderabad,143,6,5,9,6,6.975609756097561,5,0,6,18
980937,Royal Challengers Bangalore,Gujarat Lions,180,2,3,18,4,8.852459016393443,14,0,16,4
980939,Rising Pune Supergiants,Kolkata Knight Riders,160,5,6,8,7,8.0,10,0,15,8
980941,Mumbai Indians,Kings XI Punjab,189,6,5,18,7,9.14516129032258,5,1,10,6
980943,Sunrisers Hyderabad,Rising Pune Supergiants,118,8,8,6,3,5.7560975609756095,13,1,18,15
980945,Gujarat Lions,Delhi Daredevils,172,6,3,14,7,8.52892561983471,3,1,4,3
980947,Kolkata Knight Riders,Mumbai Indians,174,5,1,17,3,8.7,5,0,8,10
980949,Rising Pune Supergiants,Gujarat Lions,195,3,7,15,7,9.360000000000001,7,0,15,4
980951,Delhi Daredevils,Kolkata Knight Riders,186,8,10,17,6,9.073170731707316,13,1,3,8
980953,Sunrisers Hyderabad,Royal Challengers Bangalore,194,5,5,19,8,9.387096774193548,3,1,18,16
980955,Kings XI Punjab,Gujarat Lions,154,10,4,15,1,7.5737704918032795,4,1,6,4
980957,Rising Pune Supergiants,Mumbai Indians,159,5,8,10,6,7.511811023622047,6,0,15,10
980959,Royal Challengers Bangalore,Kolkata Knight Riders,185,7,4,18,7,8.951612903225806,19,0,16,8
980961,Gujarat Lions,Delhi Daredevils,149,7,6,14,2,7.2682926829268295,3,0,4,3
980963,Kolkata Knight Riders,Kings XI Punjab,164,3,5,13,5,8.0,12,1,8,6
980965,Delhi Daredevils,Rising Pune Supergiants,162,7,8,11,6,7.653543307086614,11,0,3,15
980967,Gujarat Lions,Sunrisers Hyderabad,126,6,5,8,3,6.048,6,0,4,18
980969,Rising Pune Supergiants,Royal Challengers Bangalore,191,6,7,20,7,9.095238095238095,6,0,15,16
980971,Kings XI Punjab,Delhi Daredevils,181,5,8,15,5,8.829268292682928,9,1,6,3
980973,Sunrisers Hyderabad,Mumbai Indians,177,3,5,20,4,8.634146341463415,6,1,18,10
980975,Kolkata Knight Riders,Gujarat Lions,158,4,6,14,5,7.7073170731707314,5,0,8,4
980977,Royal Challengers Bangalore,Kings XI Punjab,175,6,4,15,3,8.46774193548387,5,1,16,6
980979,Sunrisers Hyderabad,Rising Pune Supergiants,137,8,5,8,7,6.682926829268292,3,1,18,15
980981,Royal Challengers Bangalore,Mumbai Indians,151,4,7,8,9,7.426229508196721,10,0,16,10
980983,Sunrisers Hyderabad,Delhi Daredevils,146,8,11,14,2,7.008,3,0,18,3
980985,Mumbai Indians,Kings XI Punjab,124,9,8,5,8,6.0983606557377055,11,0,10,6
980987,Royal Challengers Bangalore,Gujarat Lions,248,3,4,17,20,12.196721311475411,12,1,16,4
980989,Rising Pune Supergiants,Kolkata Knight Riders,103,6,6,7,2,5.722222222222222,10,1,15,8
980991,Kings XI Punjab,Sunrisers Hyderabad,179,4,3,23,3,8.95,9,0,6,18
980993,Mumbai Indians,Delhi Daredevils,206,4,7,13,14,10.21487603305785,3,1,10,3
980995,Kolkata Knight Riders,Royal Challengers Bangalore,183,5,12,16,6,8.784,3,0,8,16
980997,Delhi Daredevils,Rising Pune Supergiants,121,6,2,11,2,5.950819672131148,7,1,3,15
980999,Royal Challengers Bangalore,Kings XI Punjab,211,3,8,19,16,13.051546391752577,6,1,16,6
981001,Kolkata Knight Riders,Gujarat Lions,124,8,7,10,4,5.952,17,0,8,4
981003,Sunrisers Hyderabad,Delhi Daredevils,158,7,3,15,3,7.8347107438016526,14,0,18,3
981005,Kings XI Punjab,Rising Pune Supergiants,172,7,4,13,8,8.390243902439025,8,0,6,15
981007,Mumbai Indians,Gujarat Lions,172,8,8,17,7,8.256,6,0,10,4
981009,Kolkata Knight Riders,Sunrisers Hyderabad,171,6,4,13,5,8.341463414634147,11,1,8,18
981011,Delhi Daredevils,Royal Challengers Bangalore,138,8,6,9,3,6.6240000000000006,10,0,3,16
981013,Gujarat Lions,Royal Challengers Bangalore,158,10,11,12,8,7.5840000000000005,16,0,4,16
981015,Sunrisers Hyderabad,Kolkata Knight Riders,162,8,6,14,7,7.838709677419354,9,1,18,8
981017,Gujarat Lions,Sunrisers Hyderabad,162,7,5,22,3,7.776000000000001,2,0,4,18
981019,Sunrisers Hyderabad,Royal Challengers Bangalore,208,7,14,20,10,9.904761904761905,9,1,18,16
1082591,Sunrisers Hyderabad,Royal Challengers Bangalore,207,4,7,17,9,9.936,6,1,18,16
1082592,Mumbai Indians,Rising Pune Supergiant,184,8,8,12,11,8.832,4,0,10,14
1082593,Gujarat Lions,Kolkata Knight Riders,183,4,4,20,6,9.0,15,0,4,8
1082594,Rising Pune Supergiant,Kings XI Punjab,163,6,6,11,7,7.824000000000001,10,0,14,6
1082595,Royal Challengers Bangalore,Delhi Daredevils,157,8,6,14,7,7.596774193548387,5,1,16,3
1082596,Gujarat Lions,Sunrisers Hyderabad,135,7,3,11,2,6.75,3,0,4,18
1082597,Kolkata Knight Riders,Mumbai Indians,178,7,9,14,6,8.34375,12,0,8,10
1082598,Royal Challengers Bangalore,Kings XI Punjab,148,4,4,6,11,7.219512195121951,6,0,16,6
1082599,Delhi Daredevils,Rising Pune Supergiant,205,4,8,17,10,9.84,5,1,3,14
1082600,Sunrisers Hyderabad,Mumbai Indians,158,8,11,18,3,7.523809523809524,4,0,18,10
1082601,Kings XI Punjab,Kolkata Knight Riders,170,9,16,18,6,7.846153846153846,11,0,6,8
1082602,Royal Challengers Bangalore,Mumbai Indians,142,5,11,7,4,6.870967741935483,13,0,16,10
1082603,Rising Pune Supergiant,Gujarat Lions,171,8,5,15,6,8.274193548387096,5,0,14,4
1082604,Kolkata Knight Riders,Sunrisers Hyderabad,172,6,11,13,7,8.19047619047619,7,1,8,18
1082605,Delhi Daredevils,Kings XI Punjab,188,6,10,23,5,8.881889763779528,2,1,3,6
1082606,Gujarat Lions,Mumbai Indians,176,4,11,12,6,8.380952380952381,13,0,4,10
1082607,Rising Pune Supergiant,Royal Challengers Bangalore,161,8,13,17,4,7.666666666666667,8,1,14,16
1082608,Delhi Daredevils,Kolkata Knight Riders,168,7,3,19,4,8.262295081967213,11,0,3,8
1082609,Sunrisers Hyderabad,Kings XI Punjab,159,6,11,11,4,7.632000000000001,10,1,18,6
1082610,Royal Challengers Bangalore,Gujarat Lions,213,2,4,19,11,10.390243902439025,8,1,16,4
1082611,Sunrisers Hyderabad,Delhi Daredevils,191,4,4,15,7,9.317073170731707,7,1,18,3
1082612,Kings XI Punjab,Mumbai Indians,198,4,12,17,9,9.354330708661417,8,0,6,10
1082613,Kolkata Knight Riders,Gujarat Lions,187,5,3,23,4,9.272727272727272,5,0,8,4
1082614,Mumbai Indians,Delhi Daredevils,142,8,16,11,4,6.708661417322834,8,1,10,3
1082615,Sunrisers Hyderabad,Rising Pune Supergiant,176,3,8,17,5,8.516129032258064,3,0,18,14
1082616,Kings XI Punjab,Gujarat Lions,188,7,5,17,9,9.322314049586776,7,1,6,4
1082617,Kolkata Knight Riders,Royal Challengers Bangalore,131,10,8,14,2,6.495867768595041,7,1,8,16
1082618,Rising Pune Supergiant,Mumbai Indians,160,6,4,17,3,7.868852459016394,6,1,14,10
1082620,Rising Pune Supergiant,Kolkata Knight Riders,182,5,7,16,6,8.736,13,0,14,8
1082621,Royal Challengers Bangalore,Gujarat Lions,134,10,12,9,4,6.536585365853658,8,0,16,4
1082622,Delhi Daredevils,Kolkata Knight Riders,160,6,7,14,4,7.868852459016394,10,0,3,8
1082623,Sunrisers Hyderabad,Kings XI Punjab,207,3,3,19,7,10.18032786885246,5,1,18,6
1082624,Rising Pune Supergiant,Royal Challengers Bangalore,157,3,4,14,4,7.658536585365853,4,1,14,16
1082625,Gujarat Lions,Mumbai Indians,153,9,11,13,6,7.116279069767442,1,0,4,10
1082626,Delhi Daredevils,Kings XI Punjab,67,10,5,3,2,3.7222222222222223,2,0,3,6
1082627,Sunrisers Hyderabad,Kolkata Knight Riders,209,3,8,17,9,10.032,5,1,18,8
1082628,Royal Challengers Bangalore,Mumbai Indians,162,8,4,10,8,7.967213114754099,7,0,16,10
1082629,Gujarat Lions,Rising Pune Supergiant,161,10,7,15,5,7.983471074380165,7,0,4,14
1082630,Sunrisers Hyderabad,Delhi Daredevils,185,3,8,22,4,9.024390243902438,3,0,18,3
1082631,Kolkata Knight Riders,Rising Pune Supergiant,155,8,5,14,7,7.75,8,0,8,14
1082632,Gujarat Lions,Delhi Daredevils,208,7,5,16,11,10.064516129032258,12,0,4,3
1082633,Kings XI Punjab,Royal Challengers Bangalore,138,7,12,11,3,6.7317073170731705,7,1,6,16
1082634,Rising Pune Supergiant,Sunrisers Hyderabad,148,8,7,5,6,7.161290322580645,2,1,14,18
1082635,Mumbai Indians,Delhi Daredevils,212,3,19,15,11,9.9375,3,1,10,3
1082636,Royal Challengers Bangalore,Kolkata Knight Riders,158,6,3,11,6,7.770491803278689,6,0,16,8
1082637,Kings XI Punjab,Gujarat Lions,189,3,3,14,7,9.21951219512195,6,0,6,4
1082638,Mumbai Indians,Sunrisers Hyderabad,138,7,10,10,3,6.571428571428571,4,0,10,18
1082639,Kings XI Punjab,Kolkata Knight Riders,167,6,12,13,5,7.9523809523809526,4,1,6,8
1082640,Gujarat Lions,Delhi Daredevils,195,5,11,20,6,9.435483870967742,3,0,4,3
1082641,Kings XI Punjab,Mumbai Indians,230,3,10,18,12,10.69767441860465,8,1,6,10
1082642,Delhi Daredevils,Rising Pune Supergiant,168,8,7,14,6,8.129032258064516,10,1,3,14
1082643,Gujarat Lions,Sunrisers Hyderabad,154,10,6,15,6,7.830508474576271,4,0,4,18
1082644,Mumbai Indians,Kolkata Knight Riders,173,5,17,19,5,8.304,8,1,10,8
1082645,Kings XI Punjab,Rising Pune Supergiant,73,10,3,5,2,4.469387755102042,1,0,6,14
1082646,Royal Challengers Bangalore,Delhi Daredevils,161,6,9,11,7,7.606299212598425,7,1,16,3
1082647,Rising Pune Supergiant,Mumbai Indians,162,4,7,9,8,7.776000000000001,9,1,14,10
1082648,Sunrisers Hyderabad,Kolkata Knight Riders,128,7,7,9,5,6.2950819672131155,4,1,18,8
1082649,Kolkata Knight Riders,Mumbai Indians,107,10,7,8,3,5.53448275862069,8,0,8,10
1082650,Mumbai Indians,Rising Pune Supergiant,129,8,8,8,5,6.192,9,1,10,14
1136561,Mumbai Indians,Chennai Super Kings,165,4,4,18,5,8.114754098360656,7,0,10,0
1136562,Delhi Daredevils,Kings XI Punjab,166,7,6,11,5,8.032258064516128,1,0,3,6
1136563,Royal Challengers Bangalore,Kolkata Knight Riders,176,7,6,14,10,8.727272727272727,13,0,16,8
1136564,Rajasthan Royals,Sunrisers Hyderabad,125,9,8,12,0,6.0,8,0,13,18
1136565,Kolkata Knight Riders,Chennai Super Kings,202,6,5,11,17,9.853658536585366,7,0,8,0
1136566,Rajasthan Royals,Delhi Daredevils,153,5,3,11,6,8.422018348623853,3,1,13,3
1136567,Mumbai Indians,Sunrisers Hyderabad,147,8,8,15,6,7.112903225806451,4,0,10,18
1136568,Kings XI Punjab,Royal Challengers Bangalore,155,10,6,12,6,7.815126050420169,4,0,6,16
1136569,Mumbai Indians,Delhi Daredevils,194,7,10,19,7,9.312000000000001,2,0,10,3
1136570,Kolkata Knight Riders,Sunrisers Hyderabad,138,8,7,12,4,6.7317073170731705,5,0,8,18
1136571,Rajasthan Royals,Royal Challengers Bangalore,217,4,14,14,14,10.171875,6,1,13,16
1136572,Kings XI Punjab,Chennai Super Kings,197,7,1,19,9,9.768595041322314,13,1,6,0
1136573,Kolkata Knight Riders,Delhi Daredevils,200,9,6,14,15,9.836065573770492,8,1,8,3
1136574,Mumbai Indians,Royal Challengers Bangalore,213,6,17,18,13,10.062992125984252,7,1,10,16
1136575,Rajasthan Royals,Kolkata Knight Riders,160,8,5,15,4,7.741935483870967,3,0,13,8
1136576,Kings XI Punjab,Sunrisers Hyderabad,193,3,8,10,14,9.414634146341463,13,1,6,18
1136577,Chennai Super Kings,Rajasthan Royals,204,5,6,25,6,9.714285714285714,8,1,0,13
1136578,Kolkata Knight Riders,Kings XI Punjab,191,7,9,21,5,8.953125,2,1,8,6
1136579,Delhi Daredevils,Royal Challengers Bangalore,174,5,12,13,10,8.487804878048781,4,0,3,16
1136580,Chennai Super Kings,Sunrisers Hyderabad,182,3,4,18,8,8.806451612903226,2,1,0,18
1136581,Mumbai Indians,Rajasthan Royals,167,7,5,13,7,8.080645161290322,6,0,10,13
1136582,Kings XI Punjab,Delhi Daredevils,143,8,14,12,2,6.919354838709677,9,1,6,3
1136583,Sunrisers Hyderabad,Mumbai Indians,118,10,12,13,1,6.103448275862069,2,1,18,10
1136584,Royal Challengers Bangalore,Chennai Super Kings,205,8,8,9,16,9.919354838709676,11,0,16,0
1136585,Sunrisers Hyderabad,Kings XI Punjab,132,6,8,11,2,6.439024390243903,2,1,18,6
1136586,Delhi Daredevils,Kolkata Knight Riders,219,4,4,15,16,10.682926829268293,4,1,3,8
1136587,Chennai Super Kings,Mumbai Indians,169,5,7,12,9,8.17741935483871,10,0,0,10
1136588,Sunrisers Hyderabad,Rajasthan Royals,151,7,1,15,2,7.55,1,1,18,13
1136589,Royal Challengers Bangalore,Kolkata Knight Riders,175,4,10,12,9,8.46774193548387,8,0,16,8
1136590,Chennai Super Kings,Delhi Daredevils,211,4,7,14,14,10.209677419354838,8,1,0,3
1136591,Royal Challengers Bangalore,Mumbai Indians,167,7,6,10,11,8.146341463414634,23,1,16,10
1136592,Delhi Daredevils,Rajasthan Royals,196,6,7,16,13,10.788990825688073,4,1,3,13
1136593,Chennai Super Kings,Kolkata Knight Riders,177,5,7,17,7,8.634146341463415,12,0,0,8
1136594,Kings XI Punjab,Mumbai Indians,174,6,10,10,11,8.352,6,0,6,10
1136595,Royal Challengers Bangalore,Chennai Super Kings,127,9,4,11,3,6.297520661157025,7,0,16,0
1136596,Delhi Daredevils,Sunrisers Hyderabad,163,5,3,11,6,8.01639344262295,6,0,3,18
1136597,Mumbai Indians,Kolkata Knight Riders,181,4,6,18,7,8.688,9,1,10,8
1136598,Rajasthan Royals,Kings XI Punjab,152,9,8,16,1,7.537190082644628,3,0,13,6
1136599,Sunrisers Hyderabad,Royal Challengers Bangalore,146,10,9,14,3,6.9523809523809526,5,1,18,16
1136600,Rajasthan Royals,Kings XI Punjab,158,8,3,13,4,7.770491803278689,7,1,13,6
1136601,Mumbai Indians,Kolkata Knight Riders,210,6,7,16,14,10.08,1,1,10,8
1136602,Delhi Daredevils,Sunrisers Hyderabad,187,5,3,19,9,9.272727272727272,2,0,3,18
1136603,Chennai Super Kings,Rajasthan Royals,176,4,12,14,4,8.061068702290077,3,0,0,13
1136604,Kolkata Knight Riders,Kings XI Punjab,245,6,5,24,15,11.76,7,1,8,6
1136605,Delhi Daredevils,Royal Challengers Bangalore,181,4,7,14,9,8.619047619047619,11,0,3,16
1136606,Sunrisers Hyderabad,Chennai Super Kings,179,4,13,17,6,8.26153846153846,1,0,18,0
1136607,Mumbai Indians,Rajasthan Royals,168,6,9,15,7,7.937007874015747,10,0,10,13
1136608,Kings XI Punjab,Royal Challengers Bangalore,88,10,5,5,5,5.617021276595745,4,0,6,16
1136609,Rajasthan Royals,Kolkata Knight Riders,142,10,2,16,4,7.408695652173913,2,0,13,8
1136610,Mumbai Indians,Kings XI Punjab,186,8,11,12,11,8.857142857142858,9,1,10,6
1136611,Royal Challengers Bangalore,Sunrisers Hyderabad,218,6,4,20,12,10.721311475409836,5,1,16,18
1136612,Delhi Daredevils,Chennai Super Kings,162,5,9,10,9,7.714285714285714,2,1,3,0
1136613,Rajasthan Royals,Royal Challengers Bangalore,164,5,5,11,6,7.935483870967741,3,1,13,16
1136614,Sunrisers Hyderabad,Kolkata Knight Riders,172,9,11,14,6,8.19047619047619,7,0,18,8
1136615,Delhi Daredevils,Mumbai Indians,174,4,12,13,7,8.352,7,1,3,10
1136616,Kings XI Punjab,Chennai Super Kings,153,10,11,9,8,7.403225806451612,9,0,6,0
1136617,Sunrisers Hyderabad,Chennai Super Kings,139,7,9,12,4,6.465116279069767,5,0,18,0
1136618,Kolkata Knight Riders,Rajasthan Royals,169,7,10,13,8,8.047619047619047,1,1,8,13
1136619,Sunrisers Hyderabad,Kolkata Knight Riders,174,7,5,16,7,8.419354838709676,3,1,18,8
1136620,Sunrisers Hyderabad,Chennai Super Kings,178,6,8,13,9,8.409448818897637,6,0,18,0
1175356,Royal Challengers Bangalore,Chennai Super Kings,70,10,4,3,1,4.038461538461538,5,0,16,0
1175357,Sunrisers Hyderabad,Kolkata Knight Riders,181,3,8,15,6,8.829268292682928,4,0,18,8
1175358,Delhi Capitals,Mumbai Indians,213,6,6,22,11,10.306451612903226,9,1,2,10
1175359,Kings XI Punjab,Rajasthan Royals,184,4,16,17,7,8.625,5,1,6,13
1175360,Delhi Capitals,Chennai Super Kings,147,6,7,16,2,7.056,8,0,2,0
1175361,Kolkata Knight Riders,Kings XI Punjab,218,4,5,14,17,10.548387096774192,6,1,8,6
1175362,Mumbai Indians,Royal Challengers Bangalore,187,8,10,17,9,8.976,5,1,10,16
1175363,Rajasthan Royals,Sunrisers Hyderabad,198,2,5,18,7,9.580645161290322,6,0,13,18
1175364,Mumbai Indians,Kings XI Punjab,176,7,7,20,3,8.516129032258064,8,0,10,6
1175365,Kolkata Knight Riders,Delhi Capitals,185,8,8,17,9,8.951612903225806,4,0,8,2
1175366,Sunrisers Hyderabad,Royal Challengers Bangalore,231,2,2,17,13,11.454545454545453,8,1,18,16
1175367,Chennai Super Kings,Rajasthan Royals,175,5,7,14,8,8.333333333333334,7,1,0,13
1175368,Kings XI Punjab,Delhi Capitals,166,9,9,17,5,8.032258064516128,11,1,6,2
1175369,Royal Challengers Bangalore,Rajasthan Royals,158,4,5,18,3,7.770491803278689,10,0,16,13
1175370,Mumbai Indians,Chennai Super Kings,170,5,6,16,7,8.16,14,1,10,0
1175371,Delhi Capitals,Sunrisers Hyderabad,129,8,5,9,4,6.344262295081967,11,0,2,18
1175372,Royal Challengers Bangalore,Kolkata Knight Riders,205,3,5,20,7,9.919354838709676,13,0,16,8
1178393,Chennai Super Kings,Kings XI Punjab,160,3,5,11,7,7.680000000000001,4,1,0,6
1178394,Mumbai Indians,Sunrisers Hyderabad,136,7,6,8,7,6.580645161290322,6,1,10,18
1178395,Royal Challengers Bangalore,Delhi Capitals,149,8,5,8,7,7.209677419354838,12,0,16,2
1178396,Rajasthan Royals,Kolkata Knight Riders,139,3,11,13,2,6.672000000000001,11,0,13,8
1178397,Sunrisers Hyderabad,Kings XI Punjab,150,4,8,12,2,7.317073170731708,1,0,18,6
1178398,Kolkata Knight Riders,Chennai Super Kings,108,9,4,10,4,5.2682926829268295,8,0,8,0
1178399,Kings XI Punjab,Mumbai Indians,197,4,7,13,13,9.456000000000001,12,0,6,10
1178400,Rajasthan Royals,Chennai Super Kings,151,7,7,16,2,7.426229508196721,9,0,13,0
1178401,Kolkata Knight Riders,Delhi Capitals,178,7,5,16,8,8.612903225806452,3,0,8,2
1178402,Mumbai Indians,Rajasthan Royals,187,5,4,14,9,9.121951219512194,4,0,10,13
1178403,Kings XI Punjab,Royal Challengers Bangalore,173,4,7,15,8,8.304,1,0,6,16
1178404,Kolkata Knight Riders,Chennai Super Kings,161,8,9,13,7,7.728000000000001,2,0,8,0
1178405,Delhi Capitals,Sunrisers Hyderabad,155,7,9,14,4,7.5,5,1,2,18
1178406,Royal Challengers Bangalore,Mumbai Indians,171,7,8,12,10,8.479338842975206,6,0,16,10
1178407,Kings XI Punjab,Rajasthan Royals,182,6,12,9,11,8.950819672131148,10,1,6,13
1178408,Chennai Super Kings,Sunrisers Hyderabad,132,5,7,11,3,6.439024390243903,3,0,0,18
1178409,Mumbai Indians,Delhi Capitals,168,5,6,14,6,8.129032258064516,8,1,10,2
1178410,Royal Challengers Bangalore,Kolkata Knight Riders,213,4,6,18,12,10.224,16,1,16,8
1178411,Mumbai Indians,Rajasthan Royals,161,5,9,11,6,7.790322580645161,6,0,10,13
1178412,Kings XI Punjab,Delhi Capitals,163,7,5,13,8,8.01639344262295,11,0,6,2
1178413,Kolkata Knight Riders,Sunrisers Hyderabad,159,8,5,11,8,7.693548387096774,6,0,8,18
1178414,Royal Challengers Bangalore,Chennai Super Kings,161,7,4,13,7,7.918032786885246,12,1,16,0
1178415,Rajasthan Royals,Delhi Capitals,191,6,5,23,3,9.241935483870968,1,0,13,2
1178416,Sunrisers Hyderabad,Chennai Super Kings,175,3,4,12,6,8.536585365853659,9,0,18,0
1178417,Royal Challengers Bangalore,Kings XI Punjab,202,4,11,15,12,9.696,4,1,16,6
1178418,Kolkata Knight Riders,Rajasthan Royals,175,6,10,14,11,8.536585365853659,5,0,8,13
1178419,Mumbai Indians,Chennai Super Kings,155,4,4,13,6,7.560975609756097,7,1,10,0
1178420,Sunrisers Hyderabad,Rajasthan Royals,160,8,9,12,1,7.804878048780488,5,0,18,13
1178421,Delhi Capitals,Royal Challengers Bangalore,187,5,5,17,9,9.35,5,1,2,16
1178422,Kolkata Knight Riders,Mumbai Indians,232,2,7,21,15,11.047619047619047,6,1,8,10
1178423,Sunrisers Hyderabad,Kings XI Punjab,212,6,20,15,7,9.784615384615384,7,1,18,6
1178424,Royal Challengers Bangalore,Rajasthan Royals,62,7,3,6,3,12.0,2,1,16,13
1178425,Chennai Super Kings,Delhi Capitals,179,4,7,17,8,8.592,0,1,0,2
1178426,Mumbai Indians,Sunrisers Hyderabad,162,5,8,15,6,7.967213114754099,3,0,10,18
1178427,Kings XI Punjab,Kolkata Knight Riders,183,6,3,15,8,9.074380165289256,7,0,6,8
1178428,Rajasthan Royals,Delhi Capitals,115,9,9,8,3,5.476190476190476,5,0,13,2
1178429,Sunrisers Hyderabad,Royal Challengers Bangalore,175,7,4,14,9,8.536585365853659,9,0,18,16
1178430,Chennai Super Kings,Kings XI Punjab,170,5,2,16,6,8.429752066115702,14,0,0,6
1178431,Kolkata Knight Riders,Mumbai Indians,133,7,10,3,10,6.234375,3,0,8,10
1181764,Chennai Super Kings,Mumbai Indians,131,4,5,10,4,6.338709677419354,8,0,0,10
1181766,Sunrisers Hyderabad,Delhi Capitals,162,8,10,12,7,7.59375,6,0,18,2
1181767,Delhi Capitals,Chennai Super Kings,147,9,8,13,4,7.170731707317073,11,0,2,0
1181768,Mumbai Indians,Chennai Super Kings,149,8,3,9,9,7.2682926829268295,9,1,10,0
1216492,Mumbai Indians,Chennai Super Kings,162,9,5,15,4,7.838709677419354,4,0,10,0
1216493,Delhi Capitals,Kings XI Punjab,157,8,9,13,6,7.359375,8,0,2,6
1216494,Kolkata Knight Riders,Royal Challengers Bangalore,84,8,3,6,2,4.165289256198347,5,0,8,16
1216495,Mumbai Indians,Sunrisers Hyderabad,149,8,1,10,8,7.45,8,0,10,18
1216496,Rajasthan Royals,Chennai Super Kings,216,7,9,9,17,10.125,5,1,13,0
1216497,Kolkata Knight Riders,Delhi Capitals,194,6,7,24,6,9.312000000000001,6,1,8,2
1216498,Kings XI Punjab,Sunrisers Hyderabad,126,7,7,7,2,6.048,4,1,6,18
1216499,Royal Challengers Bangalore,Mumbai Indians,164,6,3,21,3,8.0,8,0,16,10
1216500,Delhi Capitals,Rajasthan Royals,184,8,14,11,11,8.69291338582677,10,1,2,13
1216501,Kolkata Knight Riders,Chennai Super Kings,167,10,10,14,5,7.9523809523809526,4,1,8,0
1216502,Royal Challengers Bangalore,Sunrisers Hyderabad,120,7,11,9,1,5.806451612903225,6,0,16,18
1216503,Mumbai Indians,Kings XI Punjab,191,4,6,17,10,9.168000000000001,7,1,10,6
1216504,Kolkata Knight Riders,Rajasthan Royals,174,6,11,12,8,8.15625,7,1,8,13
1216505,Royal Challengers Bangalore,Delhi Capitals,152,7,4,12,4,7.414634146341464,6,0,16,2
1216506,Kings XI Punjab,Chennai Super Kings,153,6,2,12,5,7.586776859504131,14,0,6,0
1216507,Sunrisers Hyderabad,Rajasthan Royals,158,4,3,6,9,7.7073170731707314,6,0,18,13
1216508,Mumbai Indians,Kolkata Knight Riders,195,5,14,13,9,8.931297709923665,5,1,10,8
1216509,Chennai Super Kings,Delhi Capitals,179,4,4,13,10,8.661290322580644,4,0,0,2
1216510,Kings XI Punjab,Royal Challengers Bangalore,206,3,11,21,7,9.888,9,1,6,16
1216511,Mumbai Indians,Rajasthan Royals,193,4,14,18,8,9.118110236220472,2,1,10,13
1216512,Kolkata Knight Riders,Sunrisers Hyderabad,163,5,3,16,5,8.082644628099173,10,0,8,18
1216513,Kings XI Punjab,Chennai Super Kings,178,4,4,14,6,8.682926829268293,11,0,6,0
1216514,Rajasthan Royals,Royal Challengers Bangalore,154,6,3,9,8,7.5737704918032795,3,0,13,16
1216515,Delhi Capitals,Kolkata Knight Riders,228,4,2,18,14,11.213114754098362,13,1,2,8
1216516,Sunrisers Hyderabad,Chennai Super Kings,164,5,8,19,2,7.6875,11,1,18,0
1216517,Mumbai Indians,Kings XI Punjab,176,6,7,15,9,8.727272727272727,4,0,10,6
1216518,Rajasthan Royals,Sunrisers Hyderabad,154,6,3,12,4,7.512195121951219,7,0,13,18
1216519,Delhi Capitals,Royal Challengers Bangalore,196,4,10,18,7,9.333333333333334,11,1,2,16
1216520,Kolkata Knight Riders,Kings XI Punjab,149,9,6,12,8,7.2682926829268295,3,0,8,6
1216521,Chennai Super Kings,Mumbai Indians,114,9,12,9,3,5.472,2,0,0,10
1216522,Rajasthan Royals,Royal Challengers Bangalore,177,6,10,17,5,8.232558139534884,13,0,13,16
1216523,Kolkata Knight Riders,Kings XI Punjab,164,6,9,17,3,7.935483870967741,2,1,8,6
1216524,Sunrisers Hyderabad,Delhi Capitals,219,2,11,25,5,10.596774193548386,9,1,18,2
1216525,Royal Challengers Bangalore,Chennai Super Kings,169,4,12,8,7,7.740458015267176,5,1,16,0
1216526,Kolkata Knight Riders,Mumbai Indians,148,5,7,13,5,7.104,5,0,8,10
1216527,Kings XI Punjab,Rajasthan Royals,223,2,10,20,11,10.53543307086614,8,0,6,13
1216528,Chennai Super Kings,Sunrisers Hyderabad,167,6,5,12,9,8.213114754098362,6,1,0,18
1216529,Delhi Capitals,Mumbai Indians,162,4,5,17,1,7.776000000000001,4,0,2,10
1216530,Kolkata Knight Riders,Rajasthan Royals,191,7,7,16,12,9.39344262295082,5,1,8,13
1216531,Royal Challengers Bangalore,Kings XI Punjab,171,6,12,8,8,8.208,12,0,16,6
1216532,Sunrisers Hyderabad,Delhi Capitals,162,4,7,11,4,7.902439024390244,11,1,18,2
1216533,Chennai Super Kings,Rajasthan Royals,125,5,5,12,1,6.147540983606557,7,0,0,13
1216534,Royal Challengers Bangalore,Sunrisers Hyderabad,163,5,5,13,4,7.887096774193548,15,1,16,18
1216535,Delhi Capitals,Mumbai Indians,110,9,5,7,3,5.409836065573771,1,0,2,10
1216536,Kolkata Knight Riders,Chennai Super Kings,172,5,2,20,5,8.52892561983471,9,0,8,0
1216537,Kings XI Punjab,Rajasthan Royals,185,4,11,10,13,8.604651162790697,5,0,6,13
1216538,Mumbai Indians,Sunrisers Hyderabad,208,5,4,15,14,10.146341463414634,15,1,10,18
1216539,Delhi Capitals,Chennai Super Kings,175,3,8,20,2,8.536585365853659,5,1,2,0
1216540,Royal Challengers Bangalore,Kolkata Knight Riders,194,2,9,14,8,9.312000000000001,6,1,16,8
1216541,Mumbai Indians,Rajasthan Royals,195,5,9,14,12,9.360000000000001,11,0,10,13
1216542,Sunrisers Hyderabad,Kings XI Punjab,201,6,11,15,9,9.648,4,1,18,6
1216543,Delhi Capitals,Rajasthan Royals,161,7,10,11,5,7.546875,5,1,2,13
1216544,Royal Challengers Bangalore,Chennai Super Kings,145,6,9,11,2,6.850393700787401,2,0,16,0
1216545,Sunrisers Hyderabad,Kolkata Knight Riders,142,4,7,8,4,6.926829268292683,7,0,18,8
1216546,Delhi Capitals,Kings XI Punjab,164,5,4,14,5,8.0,8,0,2,6
1216547,Royal Challengers Bangalore,Mumbai Indians,201,3,10,17,10,9.804878048780488,5,0,16,10
1237177,Mumbai Indians,Delhi Capitals,200,5,4,15,12,9.917355371900825,6,1,10,2
1237178,Royal Challengers Bangalore,Sunrisers Hyderabad,131,7,4,10,1,6.338709677419354,10,0,16,18
1237180,Delhi Capitals,Sunrisers Hyderabad,189,3,8,16,5,9.072000000000001,6,1,2,18
1237181,Delhi Capitals,Mumbai Indians,156,7,4,15,4,7.609756097560975,4,0,2,10
1254058,Mumbai Indians,Royal Challengers Bangalore,159,9,4,15,6,7.693548387096774,12,0,10,16
1254059,Chennai Super Kings,Delhi Capitals,188,7,10,16,10,9.170731707317072,4,0,0,2
1254060,Kolkata Knight Riders,Sunrisers Hyderabad,187,6,7,18,8,9.121951219512194,7,1,8,18
1254061,Punjab Kings,Rajasthan Royals,221,6,6,18,13,10.523809523809524,9,1,12,13
1254062,Mumbai Indians,Kolkata Knight Riders,152,10,7,16,3,7.414634146341464,12,1,10,8
1254063,Royal Challengers Bangalore,Sunrisers Hyderabad,149,8,10,14,4,7.039370078740157,12,1,16,18
1254064,Delhi Capitals,Rajasthan Royals,147,8,5,20,0,7.112903225806451,3,0,2,13
1254065,Punjab Kings,Chennai Super Kings,106,8,4,10,2,5.129032258064516,7,0,12,0
1254066,Mumbai Indians,Sunrisers Hyderabad,150,5,11,10,6,7.2,5,1,10,18
1254067,Royal Challengers Bangalore,Kolkata Knight Riders,204,4,8,22,7,9.5625,4,1,16,8
1254068,Punjab Kings,Delhi Capitals,195,4,8,17,10,9.59016393442623,11,0,12,2
1254069,Chennai Super Kings,Rajasthan Royals,188,9,14,12,10,8.744186046511627,13,1,0,13
1254070,Mumbai Indians,Delhi Capitals,137,9,5,10,4,6.85,10,0,10,2
1254071,Punjab Kings,Sunrisers Hyderabad,120,10,11,7,2,6.0,5,0,12,18
1254072,Chennai Super Kings,Kolkata Knight Riders,220,3,13,19,12,10.232558139534884,14,1,0,8
1254073,Rajasthan Royals,Royal Challengers Bangalore,177,9,13,18,7,8.296875,8,0,13,16
1254074,Mumbai Indians,Punjab Kings,131,6,6,8,4,6.442622950819673,4,0,10,12
1254075,Kolkata Knight Riders,Rajasthan Royals,133,9,9,9,5,6.333333333333333,14,0,8,13
1254076,Chennai Super Kings,Royal Challengers Bangalore,191,4,6,15,11,9.168000000000001,8,1,0,16
1254077,Delhi Capitals,Sunrisers Hyderabad,159,4,4,17,3,7.7560975609756095,9,0,2,18
1254078,Punjab Kings,Kolkata Knight Riders,123,9,5,5,8,5.951612903225806,7,0,12,8
1254079,Royal Challengers Bangalore,Delhi Capitals,171,5,2,9,9,8.40983606557377,6,1,16,2
1254080,Sunrisers Hyderabad,Chennai Super Kings,171,3,8,14,5,8.142857142857142,3,0,18,0
1254081,Rajasthan Royals,Mumbai Indians,171,4,6,14,7,8.274193548387096,17,0,13,10
1254082,Kolkata Knight Riders,Delhi Capitals,154,6,7,10,7,7.636363636363636,6,0,8,2
1254083,Punjab Kings,Royal Challengers Bangalore,179,5,5,15,9,8.661290322580644,11,1,12,16
1254084,Chennai Super Kings,Mumbai Indians,218,4,10,14,16,10.21875,8,0,0,10
1254085,Rajasthan Royals,Sunrisers Hyderabad,220,3,14,17,12,10.3125,8,1,13,18
1254086,Punjab Kings,Delhi Capitals,166,6,5,11,7,8.163934426229508,5,0,12,2
1254087,Royal Challengers Bangalore,Kolkata Knight Riders,92,10,6,8,0,4.677966101694915,5,0,16,8
1254088,Mumbai Indians,Sunrisers Hyderabad,235,9,11,30,8,11.280000000000001,10,1,10,18
1254089,Chennai Super Kings,Rajasthan Royals,189,4,5,16,8,9.072000000000001,7,0,0,13
1254090,Royal Challengers Bangalore,Punjab Kings,164,7,10,10,10,7.872000000000001,8,1,16,12
1254091,Sunrisers Hyderabad,Chennai Super Kings,134,7,10,7,4,6.432,3,0,18,0
1254092,Delhi Capitals,Kolkata Knight Riders,127,9,6,14,0,6.14516129032258,5,0,2,8
1254093,Rajasthan Royals,Mumbai Indians,90,9,3,7,2,4.390243902439025,4,0,13,10
1254094,Chennai Super Kings,Punjab Kings,134,6,9,13,2,6.330708661417322,5,0,0,12
1254095,Sunrisers Hyderabad,Royal Challengers Bangalore,141,7,4,14,2,6.82258064516129,3,1,18,16
1254096,Mumbai Indians,Kolkata Knight Riders,155,6,9,11,6,7.265625,7,0,10,8
1254097,Delhi Capitals,Rajasthan Royals,154,6,9,10,3,7.333333333333333,6,1,2,13
1254098,Kolkata Knight Riders,Chennai Super Kings,171,6,8,17,4,8.142857142857142,5,0,8,0
1254099,Punjab Kings,Mumbai Indians,135,6,6,11,1,6.585365853658536,2,0,12,10
1254100,Rajasthan Royals,Sunrisers Hyderabad,164,5,7,14,5,8.0,17,0,13,18
1254101,Delhi Capitals,Royal Challengers Bangalore,164,5,9,12,6,7.809523809523809,7,0,2,16
1254102,Kolkata Knight Riders,Punjab Kings,165,7,8,15,4,7.983870967741935,6,0,8,12
1254103,Rajasthan Royals,Royal Challengers Bangalore,149,9,4,10,7,7.2682926829268295,8,0,13,16
1254104,Chennai Super Kings,Mumbai Indians,156,7,11,11,7,7.488,4,1,0,10
1254105,Sunrisers Hyderabad,Delhi Capitals,134,9,13,9,4,6.380952380952381,4,0,18,2
1254106,Kolkata Knight Riders,Rajasthan Royals,171,4,17,12,7,8.078740157480315,1,1,8,13
1254107,Punjab Kings,Sunrisers Hyderabad,125,7,7,8,2,6.097560975609756,7,1,12,18
1254108,Royal Challengers Bangalore,Mumbai Indians,165,6,11,12,9,7.795275590551181,7,1,16,10
1254109,Sunrisers Hyderabad,Kolkata Knight Riders,115,8,3,8,4,5.702479338842975,2,0,18,8
1254110,Chennai Super Kings,Delhi Capitals,136,5,15,10,2,6.476190476190476,8,0,0,2
1254111,Rajasthan Royals,Punjab Kings,185,10,9,18,8,8.88,9,1,13,12
1254112,Mumbai Indians,Delhi Capitals,129,8,6,9,5,6.142857142857143,6,0,10,2
1254113,Royal Challengers Bangalore,Chennai Super Kings,156,6,5,11,6,7.672131147540984,5,0,16,0
1254114,Delhi Capitals,Chennai Super Kings,172,5,6,15,6,8.19047619047619,4,0,2,0
1254115,Royal Challengers Bangalore,Kolkata Knight Riders,138,7,13,12,0,6.571428571428571,5,0,16,8
1254116,Delhi Capitals,Kolkata Knight Riders,135,5,6,6,6,6.532258064516129,10,0,2,8
1254117,Chennai Super Kings,Kolkata Knight Riders,192,3,6,12,10,9.29032258064516,9,1,0,8
1304047,Chennai Super Kings,Kolkata Knight Riders,131,5,6,10,5,6.238095238095238,4,0,0,8
1304048,Mumbai Indians,Delhi Capitals,177,5,3,18,6,8.704918032786885,11,0,10,2
1304049,Royal Challengers Bangalore,Punjab Kings,205,2,23,9,13,9.685039370078739,22,0,16,12
1304050,Lucknow Super Giants,Gujarat Titans,158,6,4,17,5,7.64516129032258,9,0,9,5
1304051,Rajasthan Royals,Sunrisers Hyderabad,210,6,14,16,14,9.692307692307692,10,1,13,18
1304052,Kolkata Knight Riders,Royal Challengers Bangalore,128,10,6,11,7,6.678260869565217,14,0,8,16
1304053,Chennai Super Kings,Lucknow Super Giants,210,7,14,24,8,10.24390243902439,18,0,0,9
1304054,Punjab Kings,Kolkata Knight Riders,137,10,11,11,8,6.966101694915253,6,0,12,8
1304055,Rajasthan Royals,Mumbai Indians,193,8,11,17,11,9.19047619047619,11,1,13,10
1304056,Gujarat Titans,Delhi Capitals,171,6,7,14,5,8.274193548387096,11,1,5,2
1304057,Punjab Kings,Chennai Super Kings,180,8,14,12,11,8.120300751879698,4,1,12,0
1304058,Lucknow Super Giants,Sunrisers Hyderabad,169,7,4,14,6,8.380165289256198,10,1,9,18
1304059,Rajasthan Royals,Royal Challengers Bangalore,169,3,8,6,11,8.112,10,0,13,16
1304060,Mumbai Indians,Kolkata Knight Riders,161,4,3,11,9,7.983471074380165,3,0,10,8
1304061,Delhi Capitals,Lucknow Super Giants,149,3,6,15,4,7.209677419354838,6,0,2,9
1304062,Punjab Kings,Gujarat Titans,189,9,4,18,9,9.21951219512195,7,0,12,5
1304063,Chennai Super Kings,Sunrisers Hyderabad,154,7,5,14,3,7.392,4,0,0,18
1304064,Mumbai Indians,Royal Challengers Bangalore,151,6,4,14,7,7.426229508196721,7,0,10,16
1304065,Delhi Capitals,Kolkata Knight Riders,215,5,16,18,11,10.32,6,1,2,8
1304066,Rajasthan Royals,Lucknow Super Giants,165,6,9,10,10,7.857142857142857,5,1,13,9
1304067,Gujarat Titans,Sunrisers Hyderabad,162,7,22,16,2,7.59375,6,0,5,18
1304068,Chennai Super Kings,Royal Challengers Bangalore,216,4,13,12,17,10.204724409448819,9,1,0,16
1304069,Punjab Kings,Mumbai Indians,198,5,16,14,9,9.354330708661417,5,1,12,10
1304070,Gujarat Titans,Rajasthan Royals,192,4,4,22,7,9.29032258064516,3,1,5,13
1304071,Kolkata Knight Riders,Sunrisers Hyderabad,175,8,9,15,9,8.536585365853659,12,0,8,18
1304072,Lucknow Super Giants,Mumbai Indians,199,4,8,20,8,9.629032258064516,15,1,9,10
1304073,Royal Challengers Bangalore,Delhi Capitals,189,5,10,19,8,9.0,5,1,16,2
1304074,Punjab Kings,Sunrisers Hyderabad,151,10,7,13,7,7.190476190476191,8,0,12,18
1304075,Chennai Super Kings,Gujarat Titans,169,5,5,11,9,8.112,7,0,0,5
1304076,Rajasthan Royals,Kolkata Knight Riders,217,5,16,19,10,10.251968503937007,13,1,13,8
1304077,Royal Challengers Bangalore,Lucknow Super Giants,181,6,9,16,5,8.551181102362204,15,1,16,9
1304078,Punjab Kings,Delhi Capitals,115,10,2,15,1,5.702479338842975,6,0,12,2
1304079,Mumbai Indians,Chennai Super Kings,155,7,5,12,5,7.560975609756097,8,0,10,0
1304080,Rajasthan Royals,Delhi Capitals,222,2,5,21,14,10.741935483870968,13,1,13,2
1304081,Gujarat Titans,Kolkata Knight Riders,156,9,10,10,5,7.37007874015748,7,1,5,8
1304082,Royal Challengers Bangalore,Sunrisers Hyderabad,68,10,12,6,0,3.8857142857142857,2,0,16,18
1304083,Lucknow Super Giants,Mumbai Indians,168,6,8,13,7,8.064,14,1,9,10
1304084,Punjab Kings,Chennai Super Kings,187,4,14,15,6,8.436090225563909,16,1,12,0
1304085,Rajasthan Royals,Royal Challengers Bangalore,144,8,3,9,8,7.024390243902439,11,1,13,16
1304086,Sunrisers Hyderabad,Gujarat Titans,195,6,14,12,11,9.285714285714286,11,0,18,5
1304087,Kolkata Knight Riders,Delhi Capitals,146,9,9,10,4,7.064516129032258,6,0,8,2
1304088,Lucknow Super Giants,Punjab Kings,153,8,12,8,8,7.403225806451612,15,1,9,12
1304089,Royal Challengers Bangalore,Gujarat Titans,170,6,7,16,6,8.360655737704919,9,0,16,5
1304090,Rajasthan Royals,Mumbai Indians,158,6,12,12,7,7.464566929133857,11,0,13,10
1304091,Lucknow Super Giants,Delhi Capitals,195,3,17,14,8,8.863636363636363,3,1,9,2
1304092,Chennai Super Kings,Sunrisers Hyderabad,202,2,9,15,10,9.853658536585366,5,1,0,18
1304093,Rajasthan Royals,Kolkata Knight Riders,152,5,9,13,5,7.181102362204724,15,0,13,8
1304094,Gujarat Titans,Punjab Kings,143,8,14,11,2,6.651162790697675,12,0,5,12
1304095,Royal Challengers Bangalore,Chennai Super Kings,173,8,12,12,7,8.173228346456693,4,1,16,0
1304096,Delhi Capitals,Sunrisers Hyderabad,207,3,12,18,12,9.779527559055117,11,1,2,18
1304097,Mumbai Indians,Gujarat Titans,177,6,7,14,8,8.496,4,1,10,5
1304098,Punjab Kings,Rajasthan Royals,189,5,14,20,7,8.656488549618322,7,0,12,13
1304099,Lucknow Super Giants,Kolkata Knight Riders,176,7,4,11,10,8.655737704918034,3,1,9,8
1304100,Royal Challengers Bangalore,Sunrisers Hyderabad,192,3,8,16,10,9.142857142857142,7,1,16,18
1304101,Chennai Super Kings,Delhi Capitals,208,6,12,18,10,9.526717557251908,4,1,0,2
1304102,Kolkata Knight Riders,Mumbai Indians,165,9,11,12,10,7.857142857142857,10,1,8,10
1304103,Gujarat Titans,Lucknow Super Giants,144,4,7,15,1,6.857142857142857,3,1,5,9
1304104,Rajasthan Royals,Delhi Capitals,160,6,6,14,6,7.680000000000001,7,0,13,2
1304105,Chennai Super Kings,Mumbai Indians,97,10,15,9,3,5.596153846153847,10,0,0,10
1304106,Punjab Kings,Royal Challengers Bangalore,209,9,7,16,14,10.11290322580645,10,1,12,16
1304107,Kolkata Knight Riders,Sunrisers Hyderabad,177,6,12,10,11,8.296875,3,1,8,18
1304108,Chennai Super Kings,Gujarat Titans,133,5,7,7,4,6.384,10,0,0,5
1304109,Rajasthan Royals,Lucknow Super Giants,178,6,4,22,4,8.682926829268293,15,1,13,9
1304110,Delhi Capitals,Punjab Kings,159,7,9,12,6,7.7560975609756095,6,1,2,12
1304111,Sunrisers Hyderabad,Mumbai Indians,193,6,9,17,8,9.264000000000001,14,1,18,10
1304112,Lucknow Super Giants,Kolkata Knight Riders,210,0,2,13,14,10.327868852459018,10,1,9,8
1304113,Gujarat Titans,Royal Challengers Bangalore,168,5,3,11,10,8.262295081967213,11,0,5,16
1304114,Chennai Super Kings,Rajasthan Royals,150,6,5,15,5,7.2,16,0,0,13
1304115,Delhi Capitals,Mumbai Indians,159,7,14,8,9,7.453125,5,0,2,10
1304116,Sunrisers Hyderabad,Punjab Kings,157,8,12,13,6,7.5360000000000005,6,0,18,12
1312197,Rajasthan Royals,Gujarat Titans,188,6,11,19,7,8.881889763779528,13,0,13,5
1312198,Royal Challengers Bangalore,Lucknow Super Giants,207,4,10,21,9,9.857142857142858,22,1,16,9
1312199,Royal Challengers Bangalore,Rajasthan Royals,157,8,15,9,7,7.4173228346456686,0,0,16,13
1312200,Rajasthan Royals,Gujarat Titans,130,9,2,11,4,6.5,9,0,13,5
1359475,Chennai Super Kings,Gujarat Titans,178,7,8,10,13,8.826446280991735,12,0,0,5
1359476,Punjab Kings,Kolkata Knight Riders,191,5,4,17,9,9.317073170731707,6,1,12,8
1359477,Lucknow Super Giants,Delhi Capitals,193,6,8,5,16,9.264000000000001,10,1,9,2
1359478,Rajasthan Royals,Sunrisers Hyderabad,203,5,8,21,8,9.98360655737705,7,1,13,18
1359479,Mumbai Indians,Royal Challengers Bangalore,171,7,11,15,7,7.892307692307692,5,0,10,16
1359480,Chennai Super Kings,Lucknow Super Giants,217,7,16,15,13,10.5,18,1,0,9
1359481,Delhi Capitals,Gujarat Titans,162,8,15,14,6,7.776000000000001,8,0,2,5
1359482,Punjab Kings,Rajasthan Royals,197,5,10,19,7,9.307086614173228,10,1,12,13
1359483,Kolkata Knight Riders,Royal Challengers Bangalore,204,7,23,18,9,9.488372093023257,6,1,8,16
1359484,Sunrisers Hyderabad,Lucknow Super Giants,121,8,4,10,3,5.950819672131148,17,0,18,9
1359485,Rajasthan Royals,Delhi Capitals,199,4,6,23,7,9.629032258064516,10,1,13,2
1359486,Mumbai Indians,Chennai Super Kings,157,8,8,15,4,7.5360000000000005,10,0,10,0
1359487,Gujarat Titans,Kolkata Knight Riders,204,4,16,18,7,9.63779527559055,4,0,5,8
1359488,Punjab Kings,Sunrisers Hyderabad,143,9,6,17,6,6.864000000000001,0,0,12,18
1359489,Royal Challengers Bangalore,Lucknow Super Giants,212,2,12,12,15,10.258064516129032,16,0,16,9
1359490,Delhi Capitals,Mumbai Indians,172,10,11,20,5,8.32258064516129,6,0,2,10
1359491,Rajasthan Royals,Chennai Super Kings,175,8,10,11,7,8.333333333333334,10,1,13,0
1359492,Punjab Kings,Gujarat Titans,153,8,11,16,5,7.116279069767442,8,0,12,5
1359493,Sunrisers Hyderabad,Kolkata Knight Riders,228,4,12,21,11,10.6875,10,1,18,8
1359494,Royal Challengers Bangalore,Delhi Capitals,174,6,11,13,8,8.419354838709676,3,1,16,2
1359495,Lucknow Super Giants,Punjab Kings,159,8,12,11,6,7.511811023622047,7,0,9,12
1359496,Kolkata Knight Riders,Mumbai Indians,185,6,14,12,10,8.671875,4,0,8,10
1359497,Gujarat Titans,Rajasthan Royals,177,7,5,13,7,8.564516129032258,3,0,5,13
1359498,Chennai Super Kings,Royal Challengers Bangalore,226,6,7,12,17,10.761904761904763,11,1,0,16
1359499,Mumbai Indians,Sunrisers Hyderabad,192,5,2,19,9,9.442622950819672,19,1,10,18
1359500,Lucknow Super Giants,Rajasthan Royals,154,7,6,13,5,7.5737704918032795,12,1,9,13
1359501,Royal Challengers Bangalore,Punjab Kings,174,4,12,12,6,8.487804878048781,5,1,16,12
1359502,Kolkata Knight Riders,Delhi Capitals,127,10,12,10,6,5.861538461538461,7,0,8,2
1359503,Sunrisers Hyderabad,Chennai Super Kings,134,7,4,11,2,6.59016393442623,2,0,18,0
1359504,Gujarat Titans,Lucknow Super Giants,135,6,1,9,4,6.75,2,1,5,9
1359505,Punjab Kings,Mumbai Indians,214,8,12,16,14,9.953488372093023,3,1,12,10
1359506,Royal Challengers Bangalore,Rajasthan Royals,189,9,13,18,6,9.072000000000001,11,1,16,13
1359507,Chennai Super Kings,Kolkata Knight Riders,235,4,3,14,18,11.463414634146341,10,1,0,8
1359508,Delhi Capitals,Sunrisers Hyderabad,144,9,4,15,2,7.140495867768594,1,1,2,18
1359509,Gujarat Titans,Mumbai Indians,207,6,5,14,12,9.936,5,1,5,10
1359510,Kolkata Knight Riders,Royal Challengers Bangalore,200,5,7,16,12,9.600000000000001,6,1,8,16
1359511,Rajasthan Royals,Chennai Super Kings,202,5,11,21,6,9.774193548387096,2,1,13,0
1359512,Lucknow Super Giants,Punjab Kings,257,5,15,27,14,11.953488372093023,13,1,9,12
1359513,Kolkata Knight Riders,Gujarat Titans,179,7,3,12,12,8.731707317073171,12,0,8,5
1359514,Sunrisers Hyderabad,Delhi Capitals,197,6,10,17,9,9.162790697674419,4,1,18,2
1359515,Chennai Super Kings,Punjab Kings,200,4,8,23,6,9.448818897637794,13,0,0,12
1359516,Rajasthan Royals,Mumbai Indians,212,7,25,20,12,9.56390977443609,10,0,13,10
1359517,Royal Challengers Bangalore,Lucknow Super Giants,126,9,2,6,2,6.19672131147541,7,1,16,9
1359518,Delhi Capitals,Gujarat Titans,130,8,5,9,5,6.290322580645161,5,1,2,5
1359520,Punjab Kings,Mumbai Indians,214,3,17,20,7,10.03125,7,0,12,10
1359521,Kolkata Knight Riders,Sunrisers Hyderabad,171,9,8,16,6,8.078740157480315,14,1,8,18
1359522,Rajasthan Royals,Gujarat Titans,118,10,8,9,3,6.2105263157894735,3,0,13,5
1359523,Mumbai Indians,Chennai Super Kings,139,8,8,15,1,6.836065573770492,5,0,10,0
1359524,Royal Challengers Bangalore,Delhi Capitals,181,4,8,16,6,8.688,9,0,16,2
1359525,Gujarat Titans,Lucknow Super Giants,227,2,6,15,14,10.896,8,1,5,9
1359526,Rajasthan Royals,Sunrisers Hyderabad,214,2,11,19,11,10.272,5,0,13,18
1359527,Punjab Kings,Kolkata Knight Riders,179,7,13,21,6,8.523809523809524,4,0,12,8
1359528,Royal Challengers Bangalore,Mumbai Indians,199,6,4,21,8,9.707317073170731,14,0,16,10
1359529,Chennai Super Kings,Delhi Capitals,167,8,15,10,7,7.707692307692307,11,1,0,2
1359530,Kolkata Knight Riders,Rajasthan Royals,149,8,3,8,8,7.3884297520661155,5,0,8,13
1359531,Mumbai Indians,Gujarat Titans,218,5,2,22,12,10.9,6,1,10,5
1359532,Sunrisers Hyderabad,Lucknow Super Giants,182,6,5,18,8,8.878048780487806,6,0,18,9
1359533,Punjab Kings,Delhi Capitals,167,7,13,13,8,7.889763779527558,4,1,12,2
1359534,Royal Challengers Bangalore,Rajasthan Royals,171,5,5,12,7,8.274193548387096,3,1,16,13
1359535,Chennai Super Kings,Kolkata Knight Riders,144,6,6,7,5,6.912000000000001,12,0,0,8
1359536,Gujarat Titans,Sunrisers Hyderabad,188,9,13,22,2,8.8125,9,1,5,18
1359537,Lucknow Super Giants,Mumbai Indians,177,4,10,6,11,8.496,15,1,9,10
1359538,Delhi Capitals,Punjab Kings,213,2,5,20,11,10.224,10,1,2,12
1359539,Sunrisers Hyderabad,Royal Challengers Bangalore,186,5,6,15,8,9.0,7,0,18,16
1359540,Punjab Kings,Rajasthan Royals,187,5,6,17,9,8.904761904761905,9,0,12,13
1359541,Chennai Super Kings,Delhi Capitals,223,3,10,17,14,10.372093023255815,11,1,0,2
1359542,Lucknow Super Giants,Kolkata Knight Riders,176,8,12,12,10,8.31496062992126,9,1,9,8
1359543,Sunrisers Hyderabad,Mumbai Indians,200,5,12,20,7,9.523809523809524,6,0,18,10
1359544,Royal Challengers Bangalore,Gujarat Titans,197,5,7,25,3,9.456000000000001,19,0,16,5
1370350,Chennai Super Kings,Gujarat Titans,172,7,5,14,4,8.459016393442623,15,1,0,5
1370351,Mumbai Indians,Lucknow Super Giants,182,8,16,15,8,8.666666666666666,10,1,10,9
1370352,Gujarat Titans,Mumbai Indians,233,3,10,18,13,11.007874015748031,7,1,5,10
1370353,Gujarat Titans,Chennai Super Kings,214,4,4,20,9,10.524590163934427,5,1,5,0
1422119,Royal Challengers Bengaluru,Chennai Super Kings,173,6,13,16,6,8.046511627906977,16,0,17,0
1422120,Delhi Capitals,Punjab Kings,174,9,10,15,9,8.419354838709676,8,0,2,12
1422121,Kolkata Knight Riders,Sunrisers Hyderabad,208,7,8,13,14,9.75,7,1,8,18
1422122,Rajasthan Royals,Lucknow Super Giants,193,4,8,10,11,9.118110236220472,14,1,13,9
1422123,Gujarat Titans,Mumbai Indians,168,6,12,14,4,8.129032258064516,3,1,5,10
1422124,Punjab Kings,Royal Challengers Bengaluru,176,6,8,15,8,8.448,18,0,12,17
1422125,Chennai Super Kings,Gujarat Titans,206,6,6,17,11,9.888,11,1,0,5
1422126,Sunrisers Hyderabad,Mumbai Indians,277,3,19,19,18,12.784615384615384,11,1,18,10
1422127,Rajasthan Royals,Delhi Capitals,185,5,7,15,10,8.88,5,1,13,2
1422128,Royal Challengers Bengaluru,Kolkata Knight Riders,182,6,4,11,11,8.878048780487806,15,0,17,8
1422129,Lucknow Super Giants,Punjab Kings,199,8,7,15,10,9.552000000000001,4,1,9,12
1422130,Sunrisers Hyderabad,Gujarat Titans,162,8,4,12,6,7.967213114754099,4,0,18,5
1422131,Delhi Capitals,Chennai Super Kings,191,5,11,16,9,9.023622047244094,13,1,2,0
1422132,Mumbai Indians,Rajasthan Royals,125,9,7,10,3,6.048387096774193,14,0,10,13
1422133,Lucknow Super Giants,Royal Challengers Bengaluru,181,5,10,10,14,8.619047619047619,11,1,9,17
1422134,Kolkata Knight Riders,Delhi Capitals,272,7,22,22,18,12.179104477611942,16,1,8,2
1422135,Gujarat Titans,Punjab Kings,199,4,9,21,5,9.629032258064516,13,0,5,12
1422136,Chennai Super Kings,Sunrisers Hyderabad,165,5,2,14,6,8.181818181818182,6,0,0,18
1422137,Royal Challengers Bengaluru,Rajasthan Royals,183,3,11,14,7,8.784,3,0,17,13
1422138,Mumbai Indians,Delhi Capitals,234,5,14,19,14,10.883720930232558,3,1,10,2
1422139,Lucknow Super Giants,Gujarat Titans,163,5,5,11,6,8.082644628099173,12,1,9,5
1426260,Kolkata Knight Riders,Chennai Super Kings,137,9,13,11,4,6.421875,5,0,8,0
1426261,Sunrisers Hyderabad,Punjab Kings,182,9,7,18,8,8.736,7,1,18,12
1426262,Rajasthan Royals,Gujarat Titans,196,3,7,16,8,9.259842519685039,11,0,13,5
1426263,Royal Challengers Bengaluru,Mumbai Indians,196,8,10,15,11,9.1875,3,0,17,10
1426264,Lucknow Super Giants,Delhi Capitals,167,7,10,17,2,7.889763779527558,8,0,9,2
1426265,Punjab Kings,Rajasthan Royals,147,8,8,9,6,7.056,3,0,12,13
1426266,Lucknow Super Giants,Kolkata Knight Riders,161,7,8,13,7,7.606299212598425,22,0,9,8
1426267,Chennai Super Kings,Mumbai Indians,206,4,8,19,11,9.888,7,1,0,10
1426268,Sunrisers Hyderabad,Royal Challengers Bengaluru,287,3,15,19,22,13.045454545454545,14,1,18,17
1426269,Kolkata Knight Riders,Rajasthan Royals,223,6,21,24,9,10.372093023255815,16,0,8,13
1426270,Gujarat Titans,Delhi Capitals,89,10,12,8,1,4.767857142857142,6,0,5,2
1426271,Mumbai Indians,Punjab Kings,192,7,11,14,10,9.216000000000001,21,1,10,12
1426272,Chennai Super Kings,Lucknow Super Giants,176,6,4,14,7,8.585365853658537,13,0,0,9
1426273,Sunrisers Hyderabad,Delhi Capitals,266,7,5,18,22,12.975609756097562,8,1,18,2
1426274,Kolkata Knight Riders,Royal Challengers Bengaluru,222,6,20,27,7,10.325581395348838,9,1,8,17
1426275,Punjab Kings,Gujarat Titans,142,10,4,12,5,6.926829268292683,3,0,12,5
1426276,Mumbai Indians,Rajasthan Royals,179,9,10,14,8,8.390625,6,0,10,13
1426277,Chennai Super Kings,Lucknow Super Giants,210,4,4,19,10,10.327868852459018,9,0,0,9
1426278,Delhi Capitals,Gujarat Titans,224,4,5,18,16,10.926829268292684,8,1,2,5
1426279,Royal Challengers Bengaluru,Sunrisers Hyderabad,206,7,7,18,8,9.888,10,1,17,18
1426280,Kolkata Knight Riders,Punjab Kings,261,6,13,22,18,11.954198473282444,6,0,8,12
1426281,Delhi Capitals,Mumbai Indians,257,4,8,22,17,12.141732283464567,17,1,2,10
1426282,Lucknow Super Giants,Rajasthan Royals,196,5,18,20,2,9.1875,4,0,9,13
1426283,Gujarat Titans,Royal Challengers Bengaluru,200,3,11,15,10,9.23076923076923,12,0,5,17
1426284,Chennai Super Kings,Sunrisers Hyderabad,212,3,9,20,8,10.095238095238095,3,1,0,18
1426285,Delhi Capitals,Kolkata Knight Riders,153,9,13,16,5,7.285714285714286,4,0,2,8
1426286,Mumbai Indians,Lucknow Super Giants,144,7,8,12,4,6.857142857142857,11,0,10,9
1426287,Chennai Super Kings,Punjab Kings,162,7,18,13,4,7.534883720930233,10,0,0,12
1426288,Sunrisers Hyderabad,Rajasthan Royals,201,3,8,13,15,9.421875,13,1,18,13
1426289,Kolkata Knight Riders,Mumbai Indians,169,10,7,12,9,8.112,10,1,8,10
1426290,Gujarat Titans,Royal Challengers Bengaluru,147,10,7,17,5,7.289256198347107,2,0,5,17
1426291,Chennai Super Kings,Punjab Kings,167,9,6,15,5,8.016,9,1,0,12
1426292,Kolkata Knight Riders,Lucknow Super Giants,235,6,13,21,13,10.930232558139535,7,1,8,9
1426293,Sunrisers Hyderabad,Mumbai Indians,173,8,14,13,5,7.923664122137405,22,0,18,10
1426294,Delhi Capitals,Rajasthan Royals,221,8,1,22,12,10.958677685950413,15,1,2,13
1426295,Lucknow Super Giants,Sunrisers Hyderabad,165,4,4,16,4,8.048780487804878,3,0,9,18
1426296,Royal Challengers Bengaluru,Punjab Kings,241,7,8,19,16,11.385826771653543,6,1,17,12
1426297,Gujarat Titans,Chennai Super Kings,231,3,6,15,14,11.088000000000001,7,1,5,0
1426298,Kolkata Knight Riders,Mumbai Indians,157,7,6,14,9,9.515151515151516,12,1,8,10
1426299,Rajasthan Royals,Chennai Super Kings,141,5,5,7,6,6.82258064516129,6,0,13,0
1426300,Royal Challengers Bengaluru,Delhi Capitals,187,9,10,10,11,8.834645669291339,6,1,17,2
1426302,Delhi Capitals,Lucknow Super Giants,208,4,8,18,10,9.75,6,1,2,9
1426303,Rajasthan Royals,Punjab Kings,144,9,2,18,2,7.140495867768594,1,0,13,12
1426305,Lucknow Super Giants,Mumbai Indians,214,6,11,16,14,9.876923076923076,11,1,9,10
1426306,Royal Challengers Bengaluru,Chennai Super Kings,218,5,8,14,16,10.299212598425196,15,1,17,0
1426307,Punjab Kings,Sunrisers Hyderabad,214,5,10,17,12,10.272,17,0,12,18
1426309,Sunrisers Hyderabad,Kolkata Knight Riders,159,10,7,13,6,7.693548387096774,11,0,18,8
1426310,Royal Challengers Bengaluru,Rajasthan Royals,172,8,4,13,8,8.459016393442623,6,0,17,13
1426311,Sunrisers Hyderabad,Rajasthan Royals,175,9,8,11,9,8.26771653543307,5,1,18,13
1426312,Sunrisers Hyderabad,Kolkata Knight Riders,113,10,13,8,3,5.794871794871795,11,0,18,8
